Name,Price,Last update,Type,Client
FANCY TIN NIGHTSTAND,"$133,00",11/04/2026,Nightstand,CASA CRISTAL
CROSS NIGHTSTAND,"$115,00",11/04/2026,Nightstand,CASA CRISTAL
NAIL NIGHTSTAND,"$133,00",11/04/2026,Nightstand,CASA CRISTAL
CHIHUAHUA NIGHTSTAND,"$121,00",11/04/2026,Nightstand,CASA CRISTAL
MARIO'S NIGHTSTAND,"$75,00",11/04/2026,Nightstand,CASA CRISTAL
GLASS & TILE NIGHTSTAND,"$133,00",11/04/2026,Nightstand,CASA CRISTAL
3-DWRS FANCY TIN NIGHTSTAND,"$167,00",11/04/2026,Nightstand,CASA CRISTAL
6-DRWS FANCY TIN NIGHTSTAND,"$282,00",11/04/2026,Nightstand,CASA CRISTAL
2-DRW IRON BASE NIGHTSTAND,"$138,00",11/04/2026,Nightstand,CASA CRISTAL
KACHINA NIGHTSTAND,"$179,00",11/04/2026,Nightstand,CASA CRISTAL
KACHINA NIGHTSTAND DOUBLE,"$242,00",11/04/2026,Nightstand,CASA CRISTAL
"48"" SANTA FE HUTCH","$564,00",11/04/2026,hutch's,CASA CRISTAL
"60"" SANTA FE HUTCH","$679,00",11/04/2026,hutch's,CASA CRISTAL
"72"" SANTA FE HUTCH","$794,00",11/04/2026,hutch's,CASA CRISTAL
CURIO HUTCH,"$207,00",11/04/2026,hutch's,CASA CRISTAL
CURIO HUTCH SINGLE TOP ONLY,"$110,00",11/04/2026,hutch's,CASA CRISTAL
CURIO HUTCH SINGLE BOTTOM ONLY,"$121,00",11/04/2026,hutch's,CASA CRISTAL
CURIO HUTCH DOUBLE,"$282,00",11/04/2026,hutch's,CASA CRISTAL
CURIO HUTCH DOUBLE BOTTOM ONLY,"$156,00",11/04/2026,hutch's,CASA CRISTAL
CURIO HUTCH DOUBLE TOP ONLY,"$144,00",11/04/2026,hutch's,CASA CRISTAL
"SANTA FE HUTCH BOTTOM ONLY 48""","$334,00",11/04/2026,hutch's,CASA CRISTAL
"SANTA FE HUTCH BOTTOM ONLY 60""","$391,00",11/04/2026,hutch's,CASA CRISTAL
"SANTA FE HUTCH BOTTOM ONLY 72""","$449,00",11/04/2026,hutch's,CASA CRISTAL
"SANTA FE HUTCH TOP ONLY 60""","$299,00",11/04/2026,hutch's,CASA CRISTAL
"SANTA FE HUTCH TOP ONLY 48""","$242,00",11/04/2026,hutch's,CASA CRISTAL
SHAKER TIN HUTCH,"$759,00",11/04/2026,hutch's,CASA CRISTAL
"60"" TV STAND W/PANEL","$260,00",11/04/2026,hutch's,CASA CRISTAL
TAOS CD GLASS,"$184,00",11/04/2026,CD'S,CASA CRISTAL
TAOS CD IRON,"$202,00",11/04/2026,CD'S,CASA CRISTAL
TAOS CD DOUBLE GLASS,"$276,00",11/04/2026,CD'S,CASA CRISTAL
TAOS CD DOUBLE IRON,"$299,00",11/04/2026,CD'S,CASA CRISTAL
CD DOME GLASS,"$184,00",11/04/2026,CD'S,CASA CRISTAL
CD DOME DOUBLE GLASS,"$276,00",11/04/2026,CD'S,CASA CRISTAL
CD DOME W/IRON,"$202,00",11/04/2026,CD'S,CASA CRISTAL
CD DOME DOUBLEW/IRON,"$299,00",11/04/2026,CD'S,CASA CRISTAL
CHIHUAHUA BUFFET,"$253,00",11/04/2026,Buffet,CASA CRISTAL
SHAKER TIN BOTTOM ONLY,"$414,00",11/04/2026,Buffet,CASA CRISTAL
6 FT. CROSS BUFFET,,11/04/2026,Buffet,CASA CRISTAL
CROSS BUFFET,"$317,00",11/04/2026,Buffet,CASA CRISTAL
4-TILE BUFFET,"$426,00",11/04/2026,Buffet,CASA CRISTAL
3-TILE BUFFET,"$403,00",11/04/2026,Buffet,CASA CRISTAL
2-TILE BUFFET,"$380,00",11/04/2026,Buffet,CASA CRISTAL
TAPER LEGS BUFFET NO SHELF,"$179,00",11/04/2026,Buffet,CASA CRISTAL
TAPER LEGS BUFFET W/SHELF,"$202,00",11/04/2026,Buffet,CASA CRISTAL
SHAKER BUFFET,"$679,00",11/04/2026,Buffet,CASA CRISTAL
"48"" SANTA FE BUFFET","$334,00",11/04/2026,Buffet,CASA CRISTAL
"60"" SANTA FE BUFFET","$391,00",11/04/2026,Buffet,CASA CRISTAL
"72"" SANTA FE BUFFET","$449,00",11/04/2026,Buffet,CASA CRISTAL
60X36X20 DOUBLE PLAIN JELLY,"$420,00",11/04/2026,Jelly´s,CASA CRISTAL
TALL DOUBLE JELLY W/FANCY TIN,"$317,00",11/04/2026,Jelly´s,CASA CRISTAL
TALL DOUBLE JELLY W/CROSS,"$236,00",11/04/2026,Jelly´s,CASA CRISTAL
60X36X20 DOBLE CROSS JELLY,"$420,00",11/04/2026,Jelly´s,CASA CRISTAL
TALL JELLY W/ TIN RUSTIC,"$156,00",11/04/2026,Jelly´s,CASA CRISTAL
SHORT JELLY W/TIN RUSTIC,"$144,00",11/04/2026,Jelly´s,CASA CRISTAL
60X36X20 DOUBLE TIN JELLY,"$420,00",11/04/2026,Jelly´s,CASA CRISTAL
TALL ARCH JELLY,"$202,00",11/04/2026,Jelly´s,CASA CRISTAL
SHORT JELLY W/SUN,"$144,00",11/04/2026,Jelly´s,CASA CRISTAL
TALL JELLY W/SUN,"$156,00",11/04/2026,Jelly´s,CASA CRISTAL
KACHINA TALL JELLY,"$213,00",11/04/2026,Jelly´s,CASA CRISTAL
KACHINA DOUBLE TALL JELLY,"$328,00",11/04/2026,Jelly´s,CASA CRISTAL
CHIHUAHUA DOUBLE JELLY W/TIN,"$205,00",11/04/2026,Jelly´s,CASA CRISTAL
CHIHUAHUA DOUBLE JELLY W/GLASS,"$205,00",11/04/2026,Jelly´s,CASA CRISTAL
CHIHUAHUA DOUBLE JELLY W/SCREEN,"$205,00",11/04/2026,Jelly´s,CASA CRISTAL
KACHINA SHORT JELLY,"$184,00",11/04/2026,Jelly´s,CASA CRISTAL
KACHINA SHORT DOUBLE JELLY,"$299,00",11/04/2026,Jelly´s,CASA CRISTAL
TALL JELLY FANCY TIN,"$202,00",11/04/2026,Jelly´s,CASA CRISTAL
SHORT JELLY FANCY TIN,"$144,00",11/04/2026,Jelly´s,CASA CRISTAL
TALL PLAIN DOUBLE JELLY,"$420,00",11/04/2026,Jelly´s,CASA CRISTAL
PLAIN TALL JELLY,"$156,00",11/04/2026,Jelly´s,CASA CRISTAL
PLAIN SHORT JELLY,"$133,00",11/04/2026,Jelly´s,CASA CRISTAL
CROSS TALL JELLY,"$156,00",11/04/2026,Jelly´s,CASA CRISTAL
CROSS SHORT JELLY,"$133,00",11/04/2026,Jelly´s,CASA CRISTAL
"60 "" CHILI JELYY","$150,00",11/04/2026,Jelly´s,CASA CRISTAL
"48"" CHILI CABINET","$115,00",11/04/2026,Jelly´s,CASA CRISTAL
"JARILLA JELLY 36""","$171,00",11/04/2026,Jelly´s,CASA CRISTAL
"JARILLA JELLY 48""","$182,00",11/04/2026,Jelly´s,CASA CRISTAL
"JARILLA JELLY 60""","$194,00",11/04/2026,Jelly´s,CASA CRISTAL
CROSS SHORT DOUBLE JELLY,"$202,00",11/04/2026,Jelly´s,CASA CRISTAL
SHORT PLAIN DOUBLE JELLY,"$205,00",11/04/2026,Jelly´s,CASA CRISTAL
CROSS TALL DOUBLE JELLY,"$299,00",11/04/2026,Jelly´s,CASA CRISTAL
ROPE COFFEE TABLE W/GLASS,"$317,00",11/04/2026,Coffee Tables,CASA CRISTAL
NAIL COFFEE TABLE,"$236,00",11/04/2026,Coffee Tables,CASA CRISTAL
TAPER LEGS COFFEE TABLE,"$144,00",11/04/2026,Coffee Tables,CASA CRISTAL
TAPER LEGS END TABLE,"$98,00",11/04/2026,End Table,CASA CRISTAL
NAIL END TABLE,"$127,00",11/04/2026,End Table,CASA CRISTAL
ROPE END TABLE,"$167,00",11/04/2026,End Table,CASA CRISTAL
TAPER LEGS SOFA TABLE W/SHELF,"$156,00",11/04/2026,Sofa Table,CASA CRISTAL
ROPE SOFA TABLE W/GLASS,"$317,00",11/04/2026,Sofa Table,CASA CRISTAL
3-TILE SOFA TABLE W/IRON & SHELF,"$259,00",11/04/2026,Sofa Table,CASA CRISTAL
HALFMOON SOFA TABLE,"$144,00",11/04/2026,Sofa Table,CASA CRISTAL
TAPER LEGS SOFA TABLE,"$156,00",11/04/2026,Sofa Table,CASA CRISTAL
CHIHUAHUA SOFA TABLE,"$259,00",11/04/2026,Sofa Table,CASA CRISTAL
NAIL SOFA TABLE,"$260,00",11/04/2026,Sofa Table,CASA CRISTAL
2-TILE IRON BASE SOFA TABLE,"$213,00",11/04/2026,Sofa Table,CASA CRISTAL
3-TILE IRON BASE SOFA TABLE,"$255,00",11/04/2026,Sofa Table,CASA CRISTAL
4-TILE IRON BASE SOFA TABLE,"$299,00",11/04/2026,Sofa Table,CASA CRISTAL
2-TILE IRON BASE SOFA TABLE W/SHELF,"$296,00",11/04/2026,Sofa Table,CASA CRISTAL
3-TILE IRON BASE SOFA TABLE W/SHELF,"$319,00",11/04/2026,Sofa Table,CASA CRISTAL
4-TILE IRON BASE SOFA TABLE W/SHELF,"$342,00",11/04/2026,Sofa Table,CASA CRISTAL
4-TILE SOFA TABLE W/SHELF,"$365,00",11/04/2026,Sofa Table,CASA CRISTAL
"72"" OX YOKE SOFA TABLE ( NO TILE)","$0,00",11/04/2026,Sofa Table,CASA CRISTAL
"TARAHUMARA SOFA TABLE 36""","$0,00",11/04/2026,Sofa Table,CASA CRISTAL
"TARAHUMARA SOFA TABLE 48""","$0,00",11/04/2026,Sofa Table,CASA CRISTAL
"TARAHUMARA SOFA TABLE 60""","$0,00",11/04/2026,Sofa Table,CASA CRISTAL
24X13X48 CURIO BOOKCASE,"$0,00",11/04/2026,Bookcases,CASA CRISTAL
30X13X60 CURIO BOOKCASE,"$0,00",11/04/2026,Bookcases,CASA CRISTAL
42X13X60 CURIO BOOKCASE,"$0,00",11/04/2026,Bookcases,CASA CRISTAL
CHIHUAHUA BOOKCASE,"$334,00",11/04/2026,Bookcases,CASA CRISTAL
"18"" CURIO BOOKCASE","$133,00",11/04/2026,Bookcases,CASA CRISTAL
"24"" CURIO BOOKCASE","$150,00",11/04/2026,Bookcases,CASA CRISTAL
"30"" CURIO BOOKCASE","$167,00",11/04/2026,Bookcases,CASA CRISTAL
"36"" CURIO BOOKCASE","$184,00",11/04/2026,Bookcases,CASA CRISTAL
"48"" CURIO BOOKCASE","$202,00",11/04/2026,Bookcases,CASA CRISTAL
"18"" TARAHUMARA BOOKCASE","$144,00",11/04/2026,Bookcases,CASA CRISTAL
"24"" TARAHUMARA BOOKCASE","$167,00",11/04/2026,Bookcases,CASA CRISTAL
"30"" TARAHUMARA BOOKCASE","$179,00",11/04/2026,Bookcases,CASA CRISTAL
"36"" TARAHUMARA BOOKCASE","$213,00",11/04/2026,Bookcases,CASA CRISTAL
"48"" TARAHUMARA BOOKCASE","$236,00",11/04/2026,Bookcases,CASA CRISTAL
"18"" CURIO BOOKCASE 60 H","$121,00",11/04/2026,Bookcases,CASA CRISTAL
"24"" CURIO BOOKCASE 60 H","$138,00",11/04/2026,Bookcases,CASA CRISTAL
"30"" CURIO BOOKCASE 60 H","$156,00",11/04/2026,Bookcases,CASA CRISTAL
"36"" CURIO BOOKCASE 60 H","$167,00",11/04/2026,Bookcases,CASA CRISTAL
"42"" CURIO BOOKCASE 60 H","$179,00",11/04/2026,Bookcases,CASA CRISTAL
"48"" CURIO BOOKCASE 60H","$190,00",11/04/2026,Bookcases,CASA CRISTAL
"18"" CURIO BOOKCASE 48 H","$104,00",11/04/2026,Bookcases,CASA CRISTAL
"24"" CURIO BOOKCASE 48 H","$121,00",11/04/2026,Bookcases,CASA CRISTAL
"30"" CURIO BOOKCASE 48 H","$133,00",11/04/2026,Bookcases,CASA CRISTAL
"36"" CURIO BOOKCASE 48 H","$156,00",11/04/2026,Bookcases,CASA CRISTAL
"42"" CURIO BOOKCASE 48 H","$167,00",11/04/2026,Bookcases,CASA CRISTAL
"48"" CURIO BOOKCASE 48 H","$190,00",11/04/2026,Bookcases,CASA CRISTAL
3-DWR CHEST W/EXT.RAIL,"$294,00",11/04/2026,"dresser's, chest & mirror",CASA CRISTAL
4-DWR CHEST W/EXT RIEL,"$357,00",11/04/2026,"dresser's, chest & mirror",CASA CRISTAL
"PANEL DRESSER 48"" 5-DWRS","$472,00",11/04/2026,"dresser's, chest & mirror",CASA CRISTAL
"PANEL DRESSER 48"" 5-DWR W/TIN","$506,00",11/04/2026,"dresser's, chest & mirror",CASA CRISTAL
"PANEL DRESSER 60"" 6-DWRS","$512,00",11/04/2026,"dresser's, chest & mirror",CASA CRISTAL
"PANEL DRESSER 60"" 7-DWRS","$535,00",11/04/2026,"dresser's, chest & mirror",CASA CRISTAL
"PANEL DRESSER 60"" 7-DWRS W/TIN","$587,00",11/04/2026,"dresser's, chest & mirror",CASA CRISTAL
BUTT BENCH 1-SEAT,"$52,00",11/04/2026,Bench,CASA CRISTAL
BUTT BENCH 2-SEAT,"$69,00",11/04/2026,Bench,CASA CRISTAL
BUTT BENCH 3-SEAT,"$87,00",11/04/2026,Bench,CASA CRISTAL
BUTT BENCH 4-SEAT,"$104,00",11/04/2026,Bench,CASA CRISTAL
"48"" ROSETTA BENCH","$190,00",11/04/2026,Bench,CASA CRISTAL
TAOS BENCH,"$179,00",11/04/2026,Bench,CASA CRISTAL
IRON BASE PUPITRE DESK,"$317,00",11/04/2026,Desk,CASA CRISTAL
IRON BASE DESK,"$282,00",11/04/2026,Desk,CASA CRISTAL
"SPINDEL DESK 36""","$184,00",11/04/2026,Desk,CASA CRISTAL
"SPINDEL DESK 48""","$207,00",11/04/2026,Desk,CASA CRISTAL
TAOS CHAIR,"$92,00",11/04/2026,Chairs,CASA CRISTAL
TAOS ARM CHAIR,"$104,00",11/04/2026,Chairs,CASA CRISTAL
ROSETTA CHAIR,"$98,00",11/04/2026,Chairs,CASA CRISTAL
ROSETTA ARM CHAIR,"$110,00",11/04/2026,Chairs,CASA CRISTAL
OX YOKE CHAIR,"$121,00",11/04/2026,Chairs,CASA CRISTAL
OX YOKE CHAIR W/LEATHER,"$133,00",11/04/2026,Chairs,CASA CRISTAL
TARAHUMARA CHAIR,"$98,00",11/04/2026,Chairs,CASA CRISTAL
TARAHUMARA ARM CHAIR,"$110,00",11/04/2026,Chairs,CASA CRISTAL
ROSETTA BARSTOOL,"$110,00",11/04/2026,Barstools,CASA CRISTAL
TARAHUMARA BARSTOOL,"$110,00",11/04/2026,Barstools,CASA CRISTAL
"30"" HARLEY BARSTOOL","$138,00",11/04/2026,Barstools,CASA CRISTAL
"30"" PLAIN BARSTOOL","$92,00",11/04/2026,Barstools,CASA CRISTAL
TAOS BARSTOOL,"$104,00",11/04/2026,Barstools,CASA CRISTAL
OX YOKE BARSTOOL,"$127,00",11/04/2026,Barstools,CASA CRISTAL
"60"" DINING TABLE","$460,00",11/04/2026,Tables and islands,CASA CRISTAL
"72"" DINING TABLE","$495,00",11/04/2026,Tables and islands,CASA CRISTAL
"84"" DINING TABLE","$529,00",11/04/2026,Tables and islands,CASA CRISTAL
8 FT. DINING TABLE,"$564,00",11/04/2026,Tables and islands,CASA CRISTAL
"72"" YUGO DINING TABLE","$644,00",11/04/2026,Tables and islands,CASA CRISTAL
TERRACOTA KITCHEN ISLAND 6-TILE,"$535,00",11/04/2026,Tables and islands,CASA CRISTAL
TERRACOTA KITCHEN ISLAND 4-TILE,"$414,00",11/04/2026,Tables and islands,CASA CRISTAL
"48"" PLAIN BAR","$472,00",11/04/2026,Bars,CASA CRISTAL
"48"" CORONA BAR","$512,00",11/04/2026,Bars,CASA CRISTAL
"72"" CORONA BAR","$604,00",11/04/2026,Bars,CASA CRISTAL
"48"" HARLEY BAR","$610,00",11/04/2026,Bars,CASA CRISTAL
"72"" HARLEY BAR","$696,00",11/04/2026,Bars,CASA CRISTAL
MEDICINE CABINET,"$55,00",11/04/2026,Varios,CASA CRISTAL
KACHINA MEDICINE CABINET,"$80,00",11/04/2026,Varios,CASA CRISTAL
CURIO CORNER,"$156,00",11/04/2026,Varios,CASA CRISTAL
MED CORNER CABINET,"$282,00",11/04/2026,Varios,CASA CRISTAL
LARGE CORNER CABINET,"$443,00",11/04/2026,Varios,CASA CRISTAL
LG BATEAS,"$25,00",11/04/2026,Varios,CASA CRISTAL
BATEAS,"$13,00",11/04/2026,Varios,CASA CRISTAL
PULLS,"$3,00",11/04/2026,Varios,CASA CRISTAL
CONCHOS NIGHTSTAND,"$242,00",29/01/2026,Nightstand,MONTERREY
NAIL NIGHTSTAND,"$133,00",29/01/2026,Nightstand,MONTERREY
RAISE PANEL NIGHTSTAND,"$115,00",29/01/2026,Nightstand,MONTERREY
CROSS NIGHTSTAND,"$115,00",29/01/2026,Nightstand,MONTERREY
CROSS NIGHTSTAND 1-DWR,"$127,00",29/01/2026,Nightstand,MONTERREY
MARIO'S NIGHTSTAND,"$76,00",29/01/2026,Nightstand,MONTERREY
FANCY TIN NIGHTSTAND,"$115,00",29/01/2026,Nightstand,MONTERREY
CACHINA NIGHTSTAND,"$173,00",29/01/2026,Nightstand,MONTERREY
3-DWR NIGHTSTAND,"$141,00",29/01/2026,Nightstand,MONTERREY
2-DWR IRON BASE NIGHTSTAND,"$138,00",29/01/2026,Nightstand,MONTERREY
GLASS NIGHTSTAND,"$121,00",29/01/2026,Nightstand,MONTERREY
GLASS & SLATTE NIGHTSTAND,"$133,00",29/01/2026,Nightstand,MONTERREY
WESTER NIGHTSTAND,"$133,00",29/01/2026,Nightstand,MONTERREY
COW HIDE NIGHTSTAND,"$299,00",29/01/2026,Nightstand,MONTERREY
FANCY TIN NIGHTSTAND 3 DRWS.,"$147,00",29/01/2026,Nightstand,MONTERREY
NIGHTSTAND W/ STAR,"$138,00",29/01/2026,Nightstand,MONTERREY
FANCY TIN NIGHTSTAND 6 DRWS.,"$279,00",29/01/2026,Nightstand,MONTERREY
CHIHUAHUA NIGHTSTAND,"$118,00",29/01/2026,Nightstand,MONTERREY
4 DWR NIGHTSTAND 2-SM 2-LG,"$184,00",29/01/2026,Nightstand,MONTERREY
SPANISH NIGHTSTAND,"$182,00",29/01/2026,Nightstand,MONTERREY
HONDO NIGHTSTAND,"$228,00",29/01/2026,Nightstand,MONTERREY
"48"" SANTA FE HUTCH","$566,00",29/01/2026,hutch's,MONTERREY
"60"" SANTA FE HUTCH","$673,00",29/01/2026,hutch's,MONTERREY
"72"" SANTA FE HUTCH","$803,00",29/01/2026,hutch's,MONTERREY
CURIO HUTCH,"$207,00",29/01/2026,hutch's,MONTERREY
DOUBLE CURIO HUTCH,"$282,00",29/01/2026,hutch's,MONTERREY
SHAKER TIN HUTCH,"$757,00",29/01/2026,hutch's,MONTERREY
TRASTERITO,"$221,00",29/01/2026,hutch's,MONTERREY
TRASTERITO W/DOOR,"$221,00",29/01/2026,hutch's,MONTERREY
6 DRW. TRASTERITO,"$240,00",29/01/2026,hutch's,MONTERREY
SINGLE CD W/GLASS DOOR,"$196,00",29/01/2026,CD'S,MONTERREY
DOUBLE CD W/GLASS DOOR,"$259,00",29/01/2026,CD'S,MONTERREY
SINGLE CD W/IRON DOOR,"$199,00",29/01/2026,CD'S,MONTERREY
DOUBLE CD W/IRON DOOR,"$297,00",29/01/2026,CD'S,MONTERREY
TAOS CD W/GLASS DOOR,"$166,00",29/01/2026,CD'S,MONTERREY
TAOS CD W/IRON DOOR,"$199,00",29/01/2026,CD'S,MONTERREY
WESTER SINGLE CD,"$221,00",29/01/2026,CD'S,MONTERREY
WESTER DOUBLE CD,"$304,00",29/01/2026,CD'S,MONTERREY
WESTER DOUBLE CD W/IRON DOOR,"$334,00",29/01/2026,CD'S,MONTERREY
2-DOOR SLATTE SIDEBOARD,"$263,00",29/01/2026,Sideboard,MONTERREY
3-DOOR SLATTE SIDEBOARD,"$371,00",29/01/2026,Sideboard,MONTERREY
4-DOOR SLATTE SIDEBOARD,"$518,00",29/01/2026,Sideboard,MONTERREY
5-DOOR SLATTE SIDEBOARD,"$587,00",29/01/2026,Sideboard,MONTERREY
6-DOOR SLATTE SIDEBOARD,"$661,00",29/01/2026,Sideboard,MONTERREY
2-DOOR TILE SIDEBOARD,"$268,00",29/01/2026,Sideboard,MONTERREY
3-DOOR TILE SIDEBOARD,"$351,00",29/01/2026,Sideboard,MONTERREY
4-DOOR TILE SIDEBOARD,"$437,00",29/01/2026,Sideboard,MONTERREY
5-DOOR TILE SIDEBOARD,"$518,00",29/01/2026,Sideboard,MONTERREY
6-DOOR TILE SIDEBOARD,"$602,00",29/01/2026,Sideboard,MONTERREY
2 TILE SIDEBOARD W/FANCY TIN,"$279,00",29/01/2026,Sideboard,MONTERREY
3 TILE SIDEBOARD W/FANCY TIN,"$368,00",29/01/2026,Sideboard,MONTERREY
4 TILE SIDEBOARD W/FANCY TIN,"$458,00",29/01/2026,Sideboard,MONTERREY
2 SLATTE SIDEBOARD W/FANCY TIN,"$274,00",29/01/2026,Sideboard,MONTERREY
3 SLATTE SIDEBOARD W/FANCY TIN,"$389,00",29/01/2026,Sideboard,MONTERREY
4 SLATTE SIDEBOARD W/FANCY TIN,"$543,00",29/01/2026,Sideboard,MONTERREY
5 SLATTE SIDEBOARD W/FANCY TIN,"$617,00",29/01/2026,Sideboard,MONTERREY
6 SLATTE SIDEBOARD W/FANCY TIN,"$697,00",29/01/2026,Sideboard,MONTERREY
1-DOOR SLATTE SIDEBOARD W/COOPER,"$249,00",29/01/2026,Sideboard,MONTERREY
2-DOOR SLATTE SIDEBOARD W/COOPER,"$362,00",29/01/2026,Sideboard,MONTERREY
3-DOOR SLATTE SIDEBOARD W/COOPER,"$520,00",29/01/2026,Sideboard,MONTERREY
4-DOOR SLATTE SIDEBOARD W/COOPER,"$718,00",29/01/2026,Sideboard,MONTERREY
5-DOOR SLATTE SIDEBOARD W/COOPER,"$835,00",29/01/2026,Sideboard,MONTERREY
6-DOOR SLATTE SIDEBOARD W/COOPER,"$960,00",29/01/2026,Sideboard,MONTERREY
6-DOOR SLATTE SIDEBOARD W/GLASS DOOR,"$695,00",29/01/2026,Sideboard,MONTERREY
5-DOOR SIDEBOARD SOLID TOP,"$587,00",29/01/2026,Sideboard,MONTERREY
5-TILE SIDEBOARD (NO TILE),"$503,00",29/01/2026,Sideboard,MONTERREY
MISSION BUFFET 3 DRWS.,"$409,00",29/01/2026,Buffet,MONTERREY
TAPER LEG'S BUFFET,"$175,00",29/01/2026,Buffet,MONTERREY
MISSION BUFFET W/TOP,"$451,00",29/01/2026,Buffet,MONTERREY
CHIHUAHUA BUFFET,"$253,00",29/01/2026,Buffet,MONTERREY
CACHINA BUFFEET,"$516,00",29/01/2026,Buffet,MONTERREY
NAIL BUFFET,"$412,00",29/01/2026,Buffet,MONTERREY
SHAKER BUFFET,"$371,00",29/01/2026,Buffet,MONTERREY
"48"" SANTA FE BUFFET","$352,00",29/01/2026,Buffet,MONTERREY
"60"" SANTA FE BUFFET","$398,00",29/01/2026,Buffet,MONTERREY
"72"" SANTA FE BUFFET","$451,00",29/01/2026,Buffet,MONTERREY
"36"" IRON BASE BUFFET W/DRWS","$299,00",29/01/2026,Buffet,MONTERREY
"48"" IRON BASE BUFFET W/DRWS.","$337,00",29/01/2026,Buffet,MONTERREY
"60"" IRON BASE BUFFET W/DRWS","$378,00",29/01/2026,Buffet,MONTERREY
"72"" IRON BASE BUFFET W/DRWS.","$417,00",29/01/2026,Buffet,MONTERREY
PUEBLA BUFFET W/IRONBASE,"$236,00",29/01/2026,Buffet,MONTERREY
PUEBLA BUFFET,"$175,00",29/01/2026,Buffet,MONTERREY
BUFFET W/DRWS.,"$364,00",29/01/2026,Buffet,MONTERREY
6DRWS. BUFFET,"$378,00",29/01/2026,Buffet,MONTERREY
SHAKER BUFFET XL,"$426,00",29/01/2026,Buffet,MONTERREY
SM TWIG BUFFET 36X18X36,"$267,00",29/01/2026,Buffet,MONTERREY
TALL ARCH CAVA,"$322,00",29/01/2026,Jelly´s,MONTERREY
SHORT ARCH JELLY,"$167,00",29/01/2026,Jelly´s,MONTERREY
TALL ARCH JELLY,"$199,00",29/01/2026,Jelly´s,MONTERREY
CHIHUAHUA JELLY,"$132,00",29/01/2026,Jelly´s,MONTERREY
CHIHUAHUA DOUBLE JELLY,"$199,00",29/01/2026,Jelly´s,MONTERREY
"48"" CHILI JELLY","$103,00",29/01/2026,Jelly´s,MONTERREY
"60"" CHILI JELLY","$132,00",29/01/2026,Jelly´s,MONTERREY
"48"" CHILI DOUBLE JELLY","$199,00",29/01/2026,Jelly´s,MONTERREY
"60"" CHILI DOUBLE JELLY","$270,00",29/01/2026,Jelly´s,MONTERREY
CROSS TALL JELLY,"$155,00",29/01/2026,Jelly´s,MONTERREY
CROSS SHORT JELLY,"$132,00",29/01/2026,Jelly´s,MONTERREY
FANCY TIN SHORT JELLY,"$160,00",29/01/2026,Jelly´s,MONTERREY
FANCY TIN TALL JELLY,"$199,00",29/01/2026,Jelly´s,MONTERREY
DOUBLE FANCY TIN TALL JELLY,"$316,00",29/01/2026,Jelly´s,MONTERREY
TALL CACHINA JELLY,"$210,00",29/01/2026,Jelly´s,MONTERREY
SHORT CACHINA JELLY,"$184,00",29/01/2026,Jelly´s,MONTERREY
DOUBLE CACHINA JELLY,"$329,00",29/01/2026,Jelly´s,MONTERREY
CROSS SHORT DOUBLE JELLY,"$199,00",29/01/2026,Jelly´s,MONTERREY
CROSS TALL DOUBLE JELLY,"$268,00",29/01/2026,Jelly´s,MONTERREY
8-PANEL TALL JELLY,"$168,00",29/01/2026,Jelly´s,MONTERREY
RUSTIC TIN SHORT JELLY,"$132,00",29/01/2026,Jelly´s,MONTERREY
RUSTIC TIN TALL JELLY,"$155,00",29/01/2026,Jelly´s,MONTERREY
ARCH TOP IRON BASE JELLY,"$209,00",29/01/2026,Jelly´s,MONTERREY
"48"" WESTERN JELLY","$159,00",29/01/2026,Jelly´s,MONTERREY
PIE SAFE,"$188,00",29/01/2026,Jelly´s,MONTERREY
TALL PIE SAFE,"$270,00",29/01/2026,Jelly´s,MONTERREY
CHEST LINGERIE 5 DRW.,"$216,00",29/01/2026,Jelly´s,MONTERREY
CHEST LINGERIE 5 DRWS 2-SM 3-LG,"$311,00",29/01/2026,Jelly´s,MONTERREY
"72"" TWIG JELLY CABINET","$291,00",29/01/2026,Jelly´s,MONTERREY
"60"" TWIG JELLY CABINET","$195,00",29/01/2026,Jelly´s,MONTERREY
"48"" TWIG JELLY CABINET","$181,00",29/01/2026,Jelly´s,MONTERREY
SM TWIG JELLY CABINET,"$171,00",29/01/2026,Jelly´s,MONTERREY
TWIG MICROWAVE,"$217,00",29/01/2026,Jelly´s,MONTERREY
WALL TASCATE COFFEE TABLE TURQ. INLAY,"$367,00",29/01/2026,Coffee Tables,MONTERREY
"TURN LEGS ROUND COFFEE TABLE 38""","$310,00",29/01/2026,Coffee Tables,MONTERREY
TASCATE COFFEE TABLE W/IRON BASE TURQ. INLAY,"$475,00",29/01/2026,Coffee Tables,MONTERREY
OX YOKE SLATTE COFFEE TABLE,"$409,00",29/01/2026,Coffee Tables,MONTERREY
TARAHUMARA OX YOKE COFFEE TABLE,"$226,00",29/01/2026,Coffee Tables,MONTERREY
NAIL COFFEE TABLE,"$236,00",29/01/2026,Coffee Tables,MONTERREY
SHADOW COFFEE TABLE,"$374,00",29/01/2026,Coffee Tables,MONTERREY
2 X 4 FANCY TIN COFFEE TABLE,"$371,00",29/01/2026,Coffee Tables,MONTERREY
2 SLATTE X 3 SLATTE TIN COFFE,"$317,00",29/01/2026,Coffee Tables,MONTERREY
4' X 4' FANCY TIN COFFEE TABLE,"$329,00",29/01/2026,Coffee Tables,MONTERREY
"42"" X 42"" SLATTE COFFEE TABLE","$414,00",29/01/2026,Coffee Tables,MONTERREY
2 X 4 FANCY IRON BASE COFFEE TABLE,"$414,00",29/01/2026,Coffee Tables,MONTERREY
2 X 3 FANCY IRON BASE COFFEE TABLE,"$394,00",29/01/2026,Coffee Tables,MONTERREY
COFFEE BULLET TABLE,"$210,00",29/01/2026,Coffee Tables,MONTERREY
"""X"" COFFEE 48X30X18","$251,00",29/01/2026,Coffee Tables,MONTERREY
WESTER STAR END TABLE,"$161,00",29/01/2026,End Table,MONTERREY
NAIL END TABLE,"$119,00",29/01/2026,End Table,MONTERREY
SHADOW END TABLE,"$255,00",29/01/2026,End Table,MONTERREY
"26"" X 26"" FANCY TIN END TABLE W/SLATTE","$161,00",29/01/2026,End Table,MONTERREY
"22"" X 22"" FANCY TIN END TABLE W/SLATTE","$158,00",29/01/2026,End Table,MONTERREY
TURN LEG END TABLE W/LACQUER,"$152,00",29/01/2026,End Table,MONTERREY
OX YOKE SLATTE END TABLE,"$217,00",29/01/2026,End Table,MONTERREY
WALL TASCATE END TABLE INTAKE TURQ.,"$184,00",29/01/2026,End Table,MONTERREY
WALL TASCATE END TABLE INTAKE TURQ. IRONBASE,"$237,00",29/01/2026,End Table,MONTERREY
OX YOKE END TABLE 24X24,"$328,00",29/01/2026,End Table,MONTERREY
TARAHUMARA OX YOKE END TABLE,"$143,00",29/01/2026,End Table,MONTERREY
END BULLET TABLE,"$113,00",29/01/2026,End Table,MONTERREY
"""X"" END TABLE 22X22X24","$130,00",29/01/2026,End Table,MONTERREY
IRON BASE 22X22 FANCY TIN END TABLE W/SLATTE,"$259,00",29/01/2026,End Table,MONTERREY
WALL TASCATE SOFA TABLE INTAKE TURQ.,"$367,00",29/01/2026,Sofa Table,MONTERREY
WESTER STAR SOFA TABLE,"$336,00",29/01/2026,Sofa Table,MONTERREY
NAIL SOFA TABLE,"$258,00",29/01/2026,Sofa Table,MONTERREY
SHADOW SOFA TABLE,"$374,00",29/01/2026,Sofa Table,MONTERREY
HALF MOON SOFA TABLE,"$132,00",29/01/2026,Sofa Table,MONTERREY
TURN LEGS SOFA TABLE,"$295,00",29/01/2026,Sofa Table,MONTERREY
5 FT. OX YOKE SOFA TABLE W/SLATTE,"$413,00",29/01/2026,Sofa Table,MONTERREY
4 FT. OX YOKE SOFA TABLE W/SLATTE,,29/01/2026,Sofa Table,MONTERREY
WALL TASCATE SOFA TABLE INTAKE TURQ. IRONBASE,"$475,00",29/01/2026,Sofa Table,MONTERREY
2-TILE IRON BASE SOFA TABLE,"$212,00",29/01/2026,Sofa Table,MONTERREY
3-TILE IRON BASE SOFA TABLE,"$255,00",29/01/2026,Sofa Table,MONTERREY
4-TILE IRON BASE SOFA TABLE,"$299,00",29/01/2026,Sofa Table,MONTERREY
5 TILE IRON BASE SOFA TABLE,"$340,00",29/01/2026,Sofa Table,MONTERREY
2-SLATTE IRON BASE SOFA TABLE,"$226,00",29/01/2026,Sofa Table,MONTERREY
3-SLATTE IRON BASE SOFA TABLE,"$306,00",29/01/2026,Sofa Table,MONTERREY
4-SLATTE IRON BASE SOFA TABLE,"$352,00",29/01/2026,Sofa Table,MONTERREY
2-SLATTE WESTER SOFA TABLE,"$268,00",29/01/2026,Sofa Table,MONTERREY
3-SLATTE WESTER SOFA TABLE,"$306,00",29/01/2026,Sofa Table,MONTERREY
4-SLATTE WESTER SOFA TABLE,"$352,00",29/01/2026,Sofa Table,MONTERREY
2 TILE FANCY TIN SOFA TABLE,"$216,00",29/01/2026,Sofa Table,MONTERREY
3 TILE FANCY TIN SOFA TABLE,"$262,00",29/01/2026,Sofa Table,MONTERREY
4 FANCY TIN SOFA TABLE,"$305,00",29/01/2026,Sofa Table,MONTERREY
2 SLATTE FANCY TIN TABLE,"$229,00",29/01/2026,Sofa Table,MONTERREY
3 SLATTE FANCY TIN SOFA TABLE,"$316,00",29/01/2026,Sofa Table,MONTERREY
4 SLATTE FANCY TIN SOFA TABLE,"$360,00",29/01/2026,Sofa Table,MONTERREY
2 SOLID TOP IRONBASE SOFA TABLE W/SHELF,"$226,00",29/01/2026,Sofa Table,MONTERREY
3 SOLID TOP IRONBASE SOFA TABLE W/SHELF,"$306,00",29/01/2026,Sofa Table,MONTERREY
4 SOLID TOP IRONBASE SOFA TABLE W/SHELF,"$352,00",29/01/2026,Sofa Table,MONTERREY
2 TILE IRONBASE SOFA TABLE W/SHELF,"$233,00",29/01/2026,Sofa Table,MONTERREY
3 TILE IRONBASE SOFA TABLE W/SHELF,"$319,00",29/01/2026,Sofa Table,MONTERREY
4 TILE IRONBASE SOFA TABLE W/SHELF,"$367,00",29/01/2026,Sofa Table,MONTERREY
5 TILE IRONBASE SOFA TABLE W/SHELF,"$414,00",29/01/2026,Sofa Table,MONTERREY
2 SLATTE IRONBASE SOFA TABLE W/SHELF,"$236,00",29/01/2026,Sofa Table,MONTERREY
3 SLATTE IRONBASE SOFA TABLE W/SHELF,"$324,00",29/01/2026,Sofa Table,MONTERREY
4 SLATTE IRONBASE SOFA TABLE W/SHELF,"$374,00",29/01/2026,Sofa Table,MONTERREY
5 SLATTE IRONBASE SOFA TABLE W/SHELF,"$424,00",29/01/2026,Sofa Table,MONTERREY
6 SLATTE IRONBASE SOFA TABLE W/SHELF,"$472,00",29/01/2026,Sofa Table,MONTERREY
TARAHUMARA OX YOKE SOFA TABLE,"$226,00",29/01/2026,Sofa Table,MONTERREY
"""X"" SOFA TABLE 60X16X30","$297,00",29/01/2026,Sofa Table,MONTERREY
"18"" CURIO BOOKCASE","$133,00",29/01/2026,Bookcases,MONTERREY
"24"" CURIO BOOKCASE","$155,00",29/01/2026,Bookcases,MONTERREY
"30"" CURIO BOOKCASE","$173,00",29/01/2026,Bookcases,MONTERREY
"36"" CURIO BOOKCASE","$196,00",29/01/2026,Bookcases,MONTERREY
"48"" CURIO BOOKCASE","$234,00",29/01/2026,Bookcases,MONTERREY
"36'X 36""CURIO BOOKCASE","$104,00",29/01/2026,Bookcases,MONTERREY
"18"" DENTAL BOOKCASE","$152,00",29/01/2026,Bookcases,MONTERREY
"24"" DENTAL BOOKCASE","$165,00",29/01/2026,Bookcases,MONTERREY
"30"" DENTAL BOOKCASE","$196,00",29/01/2026,Bookcases,MONTERREY
"36"" DENTAL BOOKCASE","$207,00",29/01/2026,Bookcases,MONTERREY
"48"" DENTAL BOOKCASE","$249,00",29/01/2026,Bookcases,MONTERREY
CHIHUAHUA BOOKCASE,"$333,00",29/01/2026,Bookcases,MONTERREY
BOOKCASE SIMPLE 60X15X36,"$184,00",29/01/2026,Bookcases,MONTERREY
"18"" DOME BOOKCASE","$167,00",29/01/2026,Bookcases,MONTERREY
"24"" DOME BOOKCASE","$198,00",29/01/2026,Bookcases,MONTERREY
"30"" DOME BOOKCASE","$228,00",29/01/2026,Bookcases,MONTERREY
"36"" DOME BOOKCASE","$244,00",29/01/2026,Bookcases,MONTERREY
"48"" DOME BOOKCASE","$289,00",29/01/2026,Bookcases,MONTERREY
"18"" ARCH BOOKCASE","$198,00",29/01/2026,Bookcases,MONTERREY
"24"" ARCH BOOKCASE","$228,00",29/01/2026,Bookcases,MONTERREY
"30"" ARCH BOOKCASE","$243,00",29/01/2026,Bookcases,MONTERREY
"36"" ARCH BOOKCASE","$267,00",29/01/2026,Bookcases,MONTERREY
"48"" ARCH BOOKCASE","$289,00",29/01/2026,Bookcases,MONTERREY
"18"" SIERRA BOOKCASE","$138,00",29/01/2026,Bookcases,MONTERREY
"24"" SIERRA BOOKCASE","$159,00",29/01/2026,Bookcases,MONTERREY
"30"" SIERRA BOOKCASE","$184,00",29/01/2026,Bookcases,MONTERREY
"36"" SIERRA BOOKCASE","$213,00",29/01/2026,Bookcases,MONTERREY
"48"" SIERRA BOOKCASE","$243,00",29/01/2026,Bookcases,MONTERREY
"TARAHUMARA BOOKCASE 30""","$168,00",29/01/2026,Bookcases,MONTERREY
"TARAHUMARA BOOKCASE 36""","$187,00",29/01/2026,Bookcases,MONTERREY
"TARAHUMARA BOOKCASE 48""","$244,00",29/01/2026,Bookcases,MONTERREY
"36"" TWIG BOOKCASE","$148,00",29/01/2026,Bookcases,MONTERREY
"18"" TWIG BOOKCASE","$133,00",29/01/2026,Bookcases,MONTERREY
SHORT BOOK ZUNI,"$127,00",29/01/2026,Bookcases,MONTERREY
BOOKCASE SIMPLE 60X15X48,"$184,00",29/01/2026,Bookcases,MONTERREY
"24"" OX YOKE BOOKCASE","$228,00",29/01/2026,Bookcases,MONTERREY
"36"" OX YOKE BOOKCASE","$259,00",29/01/2026,Bookcases,MONTERREY
"48"" OX YOKE BOOKCASE","$289,00",29/01/2026,Bookcases,MONTERREY
"24"" TWIG BOOKCASE","$140,00",29/01/2026,Bookcases,MONTERREY
"48"" TWIG BOOKCASE","$166,00",29/01/2026,Bookcases,MONTERREY
60X18X84 CURIO BOOKCASE,"$368,00",29/01/2026,Bookcases,MONTERREY
"CROSS ARMOIRE 22"" DEEP","$449,00",29/01/2026,Armories,MONTERREY
"FANCY TIN ARMOIRE 22"" DEEP","$449,00",29/01/2026,Armories,MONTERREY
5-DWR WARDROBE ARMOIRE,"$496,00",29/01/2026,Armories,MONTERREY
5-DWR RIGHT WARDROBE ARMOIRE 2-DOOR,"$472,00",29/01/2026,Armories,MONTERREY
CACHINA ARMOIRE,"$582,00",29/01/2026,Armories,MONTERREY
"42"" IRON BASE ARMOIRE","$531,00",29/01/2026,Armories,MONTERREY
"48"" IRON BASE ARMOIRE","$567,00",29/01/2026,Armories,MONTERREY
RAISE PANEL ARMOIRE 44X22X72,"$575,00",29/01/2026,Armories,MONTERREY
4-DWR UNDER WARDROBE ARMOIRE 2-DOOR,"$578,00",29/01/2026,Armories,MONTERREY
CACHINA QUEEN BED,,29/01/2026,headboard & beds,MONTERREY
CACHINA QUEEN HEADBOARD,"$374,00",29/01/2026,headboard & beds,MONTERREY
COW BOY HEADBOARD,"$395,00",29/01/2026,headboard & beds,MONTERREY
BAKARU HEADBOARD TWIN,"$320,00",29/01/2026,headboard & beds,MONTERREY
BAKARU HEADBOARD QUEEN,"$374,00",29/01/2026,headboard & beds,MONTERREY
BAKARU HEADBOARD KING,"$428,00",29/01/2026,headboard & beds,MONTERREY
QUEEN HEADBOARD W/PANELS,"$268,00",29/01/2026,headboard & beds,MONTERREY
COWHIDE KING BED,"$1.495,00",29/01/2026,headboard & beds,MONTERREY
COWHIDE QUEEN BED,"$1.392,00",29/01/2026,headboard & beds,MONTERREY
COWHIDE CUT OUT KING BED,"$1.495,00",29/01/2026,headboard & beds,MONTERREY
COWHIDE CUT OUT QUEEN BED,"$1.392,00",29/01/2026,headboard & beds,MONTERREY
PUEBLO HEADBOARD QUEEN,"$299,00",29/01/2026,headboard & beds,MONTERREY
PUEBLO HEADBOARD KING,"$328,00",29/01/2026,headboard & beds,MONTERREY
CONCHOS KS BED,"$1.169,00",29/01/2026,headboard & beds,MONTERREY
CONCHOS CHEST,"$893,00",29/01/2026,headboard & beds,MONTERREY
PUEBLO HEADBOARD FULL,"$259,00",29/01/2026,headboard & beds,MONTERREY
HB/FB PUEBLO COMPLETE BED QS,"$587,00",29/01/2026,headboard & beds,MONTERREY
HB/FB PUEBLO COMPLETE BED KS,"$662,00",29/01/2026,headboard & beds,MONTERREY
HONDO KS COMPLETE BED,"$1.100,00",29/01/2026,headboard & beds,MONTERREY
HONDO QS COMPLETE BED,"$1.035,00",29/01/2026,headboard & beds,MONTERREY
6-DWR DRESSER,"$460,00",29/01/2026,"dresser's, chest & mirror",MONTERREY
7-DWR DRESSER,"$483,00",29/01/2026,"dresser's, chest & mirror",MONTERREY
COWHIDE DRESSER W/MIRROR,"$1.016,00",29/01/2026,"dresser's, chest & mirror",MONTERREY
COWHIDE DRESSER NO MIRROR,"$925,00",29/01/2026,"dresser's, chest & mirror",MONTERREY
COWHIDE CHEST,"$855,00",29/01/2026,"dresser's, chest & mirror",MONTERREY
CONCHOS DRESSER,"$961,00",29/01/2026,"dresser's, chest & mirror",MONTERREY
COWHIDE MIRROR,"$173,00",29/01/2026,"dresser's, chest & mirror",MONTERREY
5-DWR CHEST 2-SM 3-LG,"$358,00",29/01/2026,"dresser's, chest & mirror",MONTERREY
4-DWR CHEST,"$260,00",29/01/2026,"dresser's, chest & mirror",MONTERREY
3- DWR CHEST,,29/01/2026,"dresser's, chest & mirror",MONTERREY
HONDO CHEST,"$615,00",29/01/2026,"dresser's, chest & mirror",MONTERREY
HONDO DRESSER,"$642,00",29/01/2026,"dresser's, chest & mirror",MONTERREY
HONDO MIRROR,"$138,00",29/01/2026,"dresser's, chest & mirror",MONTERREY
OLD DOOR BENCH LARGE,"$334,00",29/01/2026,Bench,MONTERREY
BENCH TASCATE INLAY 72X20X18,"$318,00",29/01/2026,Bench,MONTERREY
"36"" ROSETTE BENCH","$161,00",29/01/2026,Bench,MONTERREY
"48"" ROSETTE BENCH","$167,00",29/01/2026,Bench,MONTERREY
"60"" ROSETTE BENCH","$180,00",29/01/2026,Bench,MONTERREY
"48"" CORONA BENCH","$320,00",29/01/2026,Bench,MONTERREY
"60"" CORONA BENCH","$340,00",29/01/2026,Bench,MONTERREY
"72"" CORONA BENCH","$364,00",29/01/2026,Bench,MONTERREY
COW HIDE BENCH,"$397,00",29/01/2026,Bench,MONTERREY
"48"" TARAHUMARA BENCH","$167,00",29/01/2026,Bench,MONTERREY
"54""OX YOKE BENCH W/LEATHER","$329,00",29/01/2026,Bench,MONTERREY
3 DRW. BENCH,"$234,00",29/01/2026,Bench,MONTERREY
"60"" CROOS BENCH","$328,00",29/01/2026,Bench,MONTERREY
8 FT. TASCATE BENCH TURQ. INLAY,"$385,00",29/01/2026,Bench,MONTERREY
BENCH TASCATE INLAY 48X20X18,"$251,00",29/01/2026,Bench,MONTERREY
BENCH TASCATE INLAY 60X20X18,"$268,00",29/01/2026,Bench,MONTERREY
BUTT BENCH 1-SEAT,"$50,00",29/01/2026,Bench,MONTERREY
BUTT BENCH 2-SEAT,"$67,00",29/01/2026,Bench,MONTERREY
BUTT BENCH 3-SEAT,"$84,00",29/01/2026,Bench,MONTERREY
BUTT BENCH 4-SEAT,"$102,00",29/01/2026,Bench,MONTERREY
"72"" OX YOKE BENCH W/LEATHER","$363,00",29/01/2026,Bench,MONTERREY
"SPINDEL DESK 36""","$176,00",29/01/2026,Desk,MONTERREY
"SPINDEL DESK 48""","$198,00",29/01/2026,Desk,MONTERREY
"2-DWR SPINDEL DESK 48""","$297,00",29/01/2026,Desk,MONTERREY
"IRON BASE DESK 18"" DEEP","$255,00",29/01/2026,Desk,MONTERREY
"IRON BASE DESK 24"" DEEP","$275,00",29/01/2026,Desk,MONTERREY
IRON BASE DESK,"$302,00",29/01/2026,Desk,MONTERREY
COWHIDE EXECUTIVE DESK,"$961,00",29/01/2026,Desk,MONTERREY
JR. COWHIDE DESK,"$534,00",29/01/2026,Desk,MONTERREY
COWHIDE FILE CABINET 3 DRWS,"$410,00",29/01/2026,Desk,MONTERREY
WESTER EXECUTIVE DESK,"$793,00",29/01/2026,Desk,MONTERREY
SECRETARY DESK,"$393,00",29/01/2026,Desk,MONTERREY
JR. WESTERN DESK,"$460,00",29/01/2026,Desk,MONTERREY
"54"" RUSTIC SIERRA DESK","$243,00",29/01/2026,Desk,MONTERREY
"60"" RUSTIC SIERRA DESK","$274,00",29/01/2026,Desk,MONTERREY
3-DWR IRON BASE DESK,"$343,00",29/01/2026,Desk,MONTERREY
5-DWR IRON BASE DESK,"$395,00",29/01/2026,Desk,MONTERREY
SOUTHWEST CHAIR,"$122,00",29/01/2026,Chairs,MONTERREY
SOUTHWEST CHAIR W/LEATHER,"$165,00",29/01/2026,Chairs,MONTERREY
TURN LEGS WESTERN CHAIR,"$103,00",29/01/2026,Chairs,MONTERREY
RICARDO CHAIR,"$79,00",29/01/2026,Chairs,MONTERREY
RICARDO ARM CHAIR,"$90,00",29/01/2026,Chairs,MONTERREY
RICARDO CHAIR W/LACQUER,"$90,00",29/01/2026,Chairs,MONTERREY
MEXICAN CHAIR,"$103,00",29/01/2026,Chairs,MONTERREY
CORONA CHAIR,"$79,00",29/01/2026,Chairs,MONTERREY
PLAIN CHAIR,"$69,00",29/01/2026,Chairs,MONTERREY
CHAIR FOR DESK,"$103,00",29/01/2026,Chairs,MONTERREY
COWHIDE CHAIR FOR DESK,"$133,00",29/01/2026,Chairs,MONTERREY
OX YOKE CHAIR,"$124,00",29/01/2026,Chairs,MONTERREY
OX YOKE CHAIR W/LEATHER,"$152,00",29/01/2026,Chairs,MONTERREY
CURVE MEZCALERO CHAIR,"$88,00",29/01/2026,Chairs,MONTERREY
MEZCALERO CHAIR W/LEATHER,"$138,00",29/01/2026,Chairs,MONTERREY
MEZCALERO CHAIR W/COOPER WOOD SEAT,"$115,00",29/01/2026,Chairs,MONTERREY
MEZCALERO CHAIR W/COOPER & LEATHER,"$160,00",29/01/2026,Chairs,MONTERREY
OFFICE CHAIR,"$544,00",29/01/2026,Chairs,MONTERREY
WINGBACK CHAIR,"$544,00",29/01/2026,Chairs,MONTERREY
RUSTIC CHAIR,"$88,00",29/01/2026,Chairs,MONTERREY
RUSTIC CHAIR W/LEATHER,"$138,00",29/01/2026,Chairs,MONTERREY
TASCATE CHAIR W/LEATHER TURQ. INLAY,"$226,00",29/01/2026,Chairs,MONTERREY
JUAREZ YOKE TOOLED CHAIR W/LACQUER,"$310,00",29/01/2026,Chairs,MONTERREY
TASCATE CHAIR W/WRAPPED LEATHER,"$165,00",29/01/2026,Chairs,MONTERREY
MEZCALERO CHAIR W/WRAPPED LEATHER,"$165,00",29/01/2026,Chairs,MONTERREY
ROSETTA CURVE BACK CHAIR W/LEATHER,"$165,00",29/01/2026,Chairs,MONTERREY
MEZCALERO CURVE CACHINA STRIP CHAIR W/LEATHER,"$141,00",29/01/2026,Chairs,MONTERREY
SINGLE ROCKING CHAIR,"$184,00",29/01/2026,Chairs,MONTERREY
DOUBLE ROCKING CHAIR,"$259,00",29/01/2026,Chairs,MONTERREY
STAR BARSTOOL,"$79,00",29/01/2026,Barstools,MONTERREY
TAOS BARSTOOL,"$81,00",29/01/2026,Tables and islands,MONTERREY
MEXICAN BARSTOOL,"$103,00",29/01/2026,Tables and islands,MONTERREY
"MEXICAN BARSTOOL 30""","$103,00",29/01/2026,Tables and islands,MONTERREY
CORONA BARSTOOL 26'',"$79,00",29/01/2026,Tables and islands,MONTERREY
"CORONA BARSTOOL 30""","$79,00",29/01/2026,Tables and islands,MONTERREY
"TECATE BARSTOOL 30""","$79,00",29/01/2026,Tables and islands,MONTERREY
"XX LAGER BARSTOOL 30""","$88,00",29/01/2026,Tables and islands,MONTERREY
"BUDWEISER BARSTOOL 30""","$88,00",29/01/2026,Tables and islands,MONTERREY
"HARLEY BARSTOOLS 26""","$141,00",29/01/2026,Tables and islands,MONTERREY
"HARLEY BARSTOOLS 30""","$141,00",29/01/2026,Tables and islands,MONTERREY
"PLAIN BARSTOOL 24""","$73,00",29/01/2026,Tables and islands,MONTERREY
"PLAIN BARSTOOL 30""","$73,00",29/01/2026,Tables and islands,MONTERREY
"PLAIN BARSTOOL 26""","$73,00",29/01/2026,Tables and islands,MONTERREY
COWHIDE SWIVEL BARSTOOL,"$276,00",29/01/2026,Tables and islands,MONTERREY
"24"" STOOLS W/LEATHER","$110,00",29/01/2026,Tables and islands,MONTERREY
"30"" STOOLS W/LEATHER","$110,00",29/01/2026,Tables and islands,MONTERREY
"MEZCALERO BARSTOOL 24"" W/COOPER","$155,00",29/01/2026,Tables and islands,MONTERREY
"26"" PLAIN BARSTOOL W/LACQUER","$88,00",29/01/2026,Tables and islands,MONTERREY
TASCATE BARSTOOL W/WRAPPED LEATHER,"$165,00",29/01/2026,Tables and islands,MONTERREY
TWIST BARSTOOL IRON BLACK,"$99,00",29/01/2026,Tables and islands,MONTERREY
IRON BASE BARSTOOL TOOLED LEATHER SEAT,"$184,00",29/01/2026,Tables and islands,MONTERREY
"30"" MEZCALERO BARSTOOL W/LEATHER","$196,00",29/01/2026,Tables and islands,MONTERREY
PLAIN BISTRO TABLE,"$257,00",29/01/2026,Bistros,MONTERREY
CORONA BISTRO TABLE,"$256,00",29/01/2026,Bistros,MONTERREY
STAR BISTRO TABLE,"$268,00",29/01/2026,Bistros,MONTERREY
HARLEY BISTRO TABLE,"$288,00",29/01/2026,Bistros,MONTERREY
MEXICAN BISTRO TABLE,"$408,00",29/01/2026,Bistros,MONTERREY
"42"" TALL PLAIN BISTRO TABLE","$248,00",29/01/2026,Bistros,MONTERREY
PLAIN BISTRO RECTANGLE,"$357,00",29/01/2026,Bistros,MONTERREY
PLAIN BISTRO RECTANGLE W/LACQUER,"$393,00",29/01/2026,Bistros,MONTERREY
TASCATE PLAIN BISTRO RECTANGLE TURQ. INLAY,"$495,00",29/01/2026,Bistros,MONTERREY
XX LAGER BISTRO TABLE,"$256,00",29/01/2026,Bistros,MONTERREY
"48"" CORONA BAR","$516,00",29/01/2026,Bars,MONTERREY
"72"" CORONA BAR","$601,00",29/01/2026,Bars,MONTERREY
"48"" HARLEY BAR","$609,00",29/01/2026,Bars,MONTERREY
"72"" HARLEY BAR","$696,00",29/01/2026,Bars,MONTERREY
"48"" MEXICAN BAR","$516,00",29/01/2026,Bars,MONTERREY
"72"" MEXICAN BAR","$601,00",29/01/2026,Bars,MONTERREY
"72"" TECATE BAR","$601,00",29/01/2026,Bars,MONTERREY
"72"" BUDWEISER BAR","$628,00",29/01/2026,Bars,MONTERREY
"48"" XX LAGER BAR","$609,00",29/01/2026,Bars,MONTERREY
"72"" XX LAGER BAR","$734,00",29/01/2026,Bars,MONTERREY
"48"" PLAIN BAR","$489,00",29/01/2026,Bars,MONTERREY
"72"" PLAIN BAR","$572,00",29/01/2026,Bars,MONTERREY
"60"" PLAIN BAR","$529,00",29/01/2026,Bars,MONTERREY
"60"" PLAIN BAR W/SLATTE","$598,00",29/01/2026,Bars,MONTERREY
"72"" PLAIN BAR W/SLATTE","$647,00",29/01/2026,Bars,MONTERREY
"72"" PLAIN BAR W/TILE","$619,00",29/01/2026,Bars,MONTERREY
"48"" PLAIN BAR W/SLATTE","$551,00",29/01/2026,Bars,MONTERREY
"48"" TECATE BAR","$516,00",29/01/2026,Bars,MONTERREY
7FT. SIERRA BAR,"$874,00",29/01/2026,Bars,MONTERREY
CURIO CORNER CAB.,"$152,00",29/01/2026,Varios,MONTERREY
MED.CORNER CAB.,"$279,00",29/01/2026,Varios,MONTERREY
TALL CORNER CAB.,"$442,00",29/01/2026,Varios,MONTERREY
12X12 MARIO'S TABLE,"$61,00",29/01/2026,Varios,MONTERREY
12X24 MARIO'S TABLE,"$76,00",29/01/2026,Varios,MONTERREY
12X36 MARIO'S TABLE,"$92,00",29/01/2026,Varios,MONTERREY
12X48 MARIO'S TABLE,"$110,00",29/01/2026,Varios,MONTERREY
16X16 MARIO'S TABLE,"$76,00",29/01/2026,Varios,MONTERREY
16X24 MARIO'S TABLE,"$96,00",29/01/2026,Varios,MONTERREY
16X36 MARIO'S TABLE,"$106,00",29/01/2026,Varios,MONTERREY
16X48 MARIO'S TABLE,"$132,00",29/01/2026,Varios,MONTERREY
SMALL COOLER,"$241,00",29/01/2026,Varios,MONTERREY
COOLER,"$276,00",29/01/2026,Varios,MONTERREY
CABINET LINEN 4' CROSS 36X13X48,"$199,00",29/01/2026,siso,MONTERREY
CABINET LINEN 4' FANCY TIN 36X13X48,"$241,00",29/01/2026,siso,MONTERREY
CABINET LINEN 4' CROSS 36X18X48,"$230,00",29/01/2026,siso,MONTERREY
CABINET LINEN 4' FANCY TIN 36X18X48,"$275,00",29/01/2026,siso,MONTERREY
CABINET LINEN 4' RUSTIC TIN 36X16X48,"$109,00",29/01/2026,siso,MONTERREY
CABINET LINEN 5' CROSS 36X13X60,"$257,00",29/01/2026,siso,MONTERREY
CABINET LINEN 5' FANCY TIN 36X13X60,"$299,00",29/01/2026,siso,MONTERREY
CABINET LINEN 5' CROSS 36X18X60,"$299,00",29/01/2026,siso,MONTERREY
CABINET LINEN 5' 36X18X60,"$343,00",29/01/2026,siso,MONTERREY
"CABINET LINEN 5"" RUSTIC TIN 36X13X60","$274,00",29/01/2026,siso,MONTERREY
CABINET LINEN 5' RUSTIC TIN 36X18X60,"$317,00",29/01/2026,siso,MONTERREY
CABINET LINEN 6' CROSS 36X13X72,"$283,00",29/01/2026,siso,MONTERREY
CABINET LINEN 6' FANCY TIN 36X13X72,"$324,00",29/01/2026,siso,MONTERREY
CABINET LINEN 6' CROSS 36X18X72,"$343,00",29/01/2026,siso,MONTERREY
CABINET LINEN 6' FANCY TIN 36X18X72,"$382,00",29/01/2026,siso,MONTERREY
CABINET LINEN 6' RUSTIC TIN 36X18X72,"$358,00",29/01/2026,siso,MONTERREY
5' TWIG CABINET LINEN,"$242,00",29/01/2026,siso,MONTERREY
4' TWIG CABINET LINEN,"$218,00",29/01/2026,siso,MONTERREY
SM TWIG CABINET LINEN,"$196,00",29/01/2026,siso,MONTERREY
4' TWIG CABINET LINEN,"$217,00",29/01/2026,siso,MONTERREY
36X13X30 TWIG CABINET LINEN,"$242,00",29/01/2026,siso,MONTERREY
1-DOOR LAFON SIDEBOARD W/SLATTE,"$199,00",29/01/2026,siso,MONTERREY
2-DOOR LAFON SIDEBOARD W/SLATTE,"$262,00",29/01/2026,siso,MONTERREY
3-DOOR LAFON SIDEBOARD W/SLATTE,"$371,00",29/01/2026,siso,MONTERREY
4-DOOR LAFON SIDEBOARD W/SLATTE,"$518,00",29/01/2026,siso,MONTERREY
5-DOOR LAFON SIDEBOARD W/SLATTE,"$587,00",29/01/2026,siso,MONTERREY
6-DOOR LAFON SIDEBOARD W/SLATTE,"$662,00",29/01/2026,siso,MONTERREY
LAFON IRON 2-DOOR 3-SHELF,"$495,00",29/01/2026,siso,MONTERREY
LAFON IRON 1-DOOR 5-SHELF,"$479,00",29/01/2026,siso,MONTERREY
LAFON ALL METAL DOORS,"$495,00",29/01/2026,siso,MONTERREY
LAFON MULTIPANEL 2-DOOR,"$312,00",29/01/2026,siso,MONTERREY
LAFON MULTIPANEL 4-DOOR,"$495,00",29/01/2026,siso,MONTERREY
RUSTIC LAFON 1-DOOR,"$312,00",29/01/2026,siso,MONTERREY
RUSTIC LAFON 2-DOOR,"$495,00",29/01/2026,siso,MONTERREY
"48"" TWIG TV-STAND 48X18X30","$303,00",29/01/2026,siso,MONTERREY
"60"" TWIG TV-STAND","$331,00",29/01/2026,siso,MONTERREY
"72"" TWIG TV-STAND","$358,00",29/01/2026,siso,MONTERREY
"60"" TV STAND W/GLASS","$391,00",29/01/2026,siso,MONTERREY
"72"" TV STAND W/GLASS","$445,00",29/01/2026,siso,MONTERREY
TV/VCR STAND W/ROPE 42X13X30,"$259,00",29/01/2026,siso,MONTERREY
TV STAND W/FANCY TIN 42X13X30,"$294,00",29/01/2026,siso,MONTERREY
TV STAND CACHINA BORDER,"$393,00",29/01/2026,siso,MONTERREY
TV/VCR STAND ROPE 58X18X30,"$386,00",29/01/2026,siso,MONTERREY
TV-VCR STAND GLASS 60X18X36,"$394,00",29/01/2026,siso,MONTERREY
TV/VCR STAND ROPE 60X18X36,"$419,00",29/01/2026,siso,MONTERREY
TV/VCR CACHINA BORDER (NO CACHINA),"$274,00",29/01/2026,siso,MONTERREY
"60"" TV STAND WOOD PANEL","$410,00",29/01/2026,siso,MONTERREY
"60"" TV-CONSOLE W/GLASS","$378,00",29/01/2026,siso,MONTERREY
"72"" TV-CONSOLE W/GLASS","$409,00",29/01/2026,siso,MONTERREY
"60"" TV-CONSOLE","$378,00",29/01/2026,siso,MONTERREY
"72"" TV-CONSOLE","$409,00",29/01/2026,siso,MONTERREY
"60"" TV-CONSOLE W/COOPER","$477,00",29/01/2026,siso,MONTERREY
"72"" TV-CONSOLE W/COOPER","$511,00",29/01/2026,siso,MONTERREY
"60"" HACIENDA TV-CONSOLE","$477,00",29/01/2026,siso,MONTERREY
"72"" HACIENDA TV-CONSOLE","$511,00",29/01/2026,siso,MONTERREY
48X12X32 TV TARAHUMARA,"$257,00",29/01/2026,siso,MONTERREY
3 FT. SIERRA TV STAND,"$270,00",29/01/2026,siso,MONTERREY
4 FT. SIERRA TV STAND,"$283,00",29/01/2026,siso,MONTERREY
5 FT. SIERRA TV STAND,"$294,00",29/01/2026,siso,MONTERREY
6 FT. SIERRA TV STAND,"$304,00",29/01/2026,siso,MONTERREY
8 FT. SIERRA TV STAND,"$380,00",29/01/2026,siso,MONTERREY
"48"" GOTIK DRESSER","$305,00",29/01/2026,siso,MONTERREY
"60"" GOTIK DRESSER","$317,00",29/01/2026,siso,MONTERREY
"72"" GOTIK DRESSER","$328,00",29/01/2026,siso,MONTERREY
"84"" GOTIK DRESSER","$340,00",29/01/2026,siso,MONTERREY
"96"" GOTIK DRESSER","$357,00",29/01/2026,siso,MONTERREY
TARAHUMARA POT SM,"$15,00",29/01/2026,siso,MONTERREY
TARAHUMARA POT MED,"$30,00",29/01/2026,siso,MONTERREY
TARAUMARA POT LG.,"$45,00",29/01/2026,siso,MONTERREY
SUGAR MOULDING 2,"$7,00",29/01/2026,siso,MONTERREY
SUGAR MOULDING 3,"$10,00",29/01/2026,siso,MONTERREY
SUGAR MOULDING 4,"$13,00",29/01/2026,siso,MONTERREY
SUGAR MOULDING 5,"$15,00",29/01/2026,siso,MONTERREY
SUGAR MOULDING 6,"$19,00",29/01/2026,siso,MONTERREY
SUGAR MOULDING 7,"$21,00",29/01/2026,siso,MONTERREY
SUGAR MOULDING 8,"$26,00",29/01/2026,siso,MONTERREY
SUGAR MOULDING 9,"$28,00",29/01/2026,siso,MONTERREY
SUGAR MOULDING 10,"$30,00",29/01/2026,siso,MONTERREY
SUGAR MOULDING 11,"$34,00",29/01/2026,siso,MONTERREY
SUGAR MOULDING 12,"$36,00",29/01/2026,siso,MONTERREY
SUGAR MOULDING BASE,"$7,00",29/01/2026,siso,MONTERREY
BATEAS GRANDES,"$27,00",29/01/2026,siso,MONTERREY
BATEAS CHICAS,"$14,00",29/01/2026,siso,MONTERREY
LADDER 2',"$13,00",29/01/2026,siso,MONTERREY
LADDER 3',"$17,00",29/01/2026,siso,MONTERREY
LADDER 4',"$23,00",29/01/2026,siso,MONTERREY
LADDER 5',"$29,00",29/01/2026,siso,MONTERREY
LADDER 6',"$35,00",29/01/2026,siso,MONTERREY
LADDER 7',"$42,00",29/01/2026,siso,MONTERREY
LADDER 8',"$48,00",29/01/2026,siso,MONTERREY
2 FT. TARAHUMARA LADDER W/LEATHER,"$36,00",29/01/2026,siso,MONTERREY
3 FT. TARAHUMARA LADDER W/LEATHER,"$56,00",29/01/2026,siso,MONTERREY
4 FT. TARAHUMARA LADDER W/LEATHER,"$76,00",29/01/2026,siso,MONTERREY
7 FT. TARAHUMARA LADDER W/LEATHER,"$130,00",29/01/2026,siso,MONTERREY
"15"" LAMP SHAKES","$36,00",29/01/2026,siso,MONTERREY
"18"" LAMP SHAKES","$44,00",29/01/2026,siso,MONTERREY
"20"" LAMP SHAKES","$50,00",29/01/2026,siso,MONTERREY
"24"" LAMP SHAKES","$60,00",29/01/2026,siso,MONTERREY
"36"" COOPER TOP","$602,00",29/01/2026,siso,MONTERREY
"48"" COOPER TOP","$802,00",29/01/2026,siso,MONTERREY
"60"" COOPER TOP","$1.002,00",29/01/2026,siso,MONTERREY
HB GLASS 8X10,"$6,00",29/01/2026,siso,MONTERREY
HB GLASS 8X13,"$6,00",29/01/2026,siso,MONTERREY
MARGARITA GLASS,"$6,00",29/01/2026,siso,MONTERREY
TEQUILA GLASS,"$6,00",29/01/2026,siso,MONTERREY
CONCHOS NIGHTSTAND,"$242,00",4/13/2026,Nightstand,PEPE MTZ
NAIL NIGHTSTAND,"$133,00",13/04/2026,Nightstand,PEPE MTZ
RAISE PANEL NIGHTSTAND,"$115,00",13/04/2026,Nightstand,PEPE MTZ
CROSS NIGHTSTAND,"$115,00",13/04/2026,Nightstand,PEPE MTZ
CROSS NIGHTSTAND 1-DWR,"$127,00",13/04/2026,Nightstand,PEPE MTZ
MARIO'S NIGHTSTAND,"$76,00",13/04/2026,Nightstand,PEPE MTZ
FANCY TIN NIGHTSTAND,"$115,00",13/04/2026,Nightstand,PEPE MTZ
CACHINA NIGHTSTAND,"$173,00",13/04/2026,Nightstand,PEPE MTZ
3-DWR NIGHTSTAND,"$141,00",13/04/2026,Nightstand,PEPE MTZ
2-DWR IRON BASE NIGHTSTAND,"$138,00",13/04/2026,Nightstand,PEPE MTZ
GLASS NIGHTSTAND,"$121,00",13/04/2026,Nightstand,PEPE MTZ
GLASS & SLATTE NIGHTSTAND,"$133,00",13/04/2026,Nightstand,PEPE MTZ
WESTER NIGHTSTAND,"$133,00",13/04/2026,Nightstand,PEPE MTZ
COW HIDE NIGHTSTAND,"$299,00",13/04/2026,Nightstand,PEPE MTZ
FANCY TIN NIGHTSTAND 3 DRWS.,"$147,00",13/04/2026,Nightstand,PEPE MTZ
NIGHTSTAND W/ STAR,"$138,00",13/04/2026,Nightstand,PEPE MTZ
FANCY TIN NIGHTSTAND 6 DRWS.,"$279,00",13/04/2026,Nightstand,PEPE MTZ
CHIHUAHUA NIGHTSTAND,"$118,00",13/04/2026,Nightstand,PEPE MTZ
4 DWR NIGHTSTAND 2-SM 2-LG,"$184,00",13/04/2026,Nightstand,PEPE MTZ
SPANISH NIGHTSTAND,"$182,00",13/04/2026,Nightstand,PEPE MTZ
HONDO NIGHTSTAND,"$228,00",13/04/2026,Nightstand,PEPE MTZ
"48"" SANTA FE HUTCH","$566,00",13/04/2026,hutch's,PEPE MTZ
"60"" SANTA FE HUTCH","$673,00",13/04/2026,hutch's,PEPE MTZ
"72"" SANTA FE HUTCH","$803,00",13/04/2026,hutch's,PEPE MTZ
CURIO HUTCH,"$207,00",13/04/2026,hutch's,PEPE MTZ
DOUBLE CURIO HUTCH,"$282,00",13/04/2026,hutch's,PEPE MTZ
SHAKER TIN HUTCH,"$757,00",13/04/2026,hutch's,PEPE MTZ
TRASTERITO,"$221,00",13/04/2026,hutch's,PEPE MTZ
TRASTERITO W/DOOR,"$221,00",13/04/2026,hutch's,PEPE MTZ
6 DRW. TRASTERITO,"$240,00",13/04/2026,hutch's,PEPE MTZ
SINGLE CD W/GLASS DOOR,"$196,00",13/04/2026,CD'S,PEPE MTZ
DOUBLE CD W/GLASS DOOR,"$259,00",13/04/2026,CD'S,PEPE MTZ
SINGLE CD W/IRON DOOR,"$199,00",13/04/2026,CD'S,PEPE MTZ
DOUBLE CD W/IRON DOOR,"$297,00",13/04/2026,CD'S,PEPE MTZ
TAOS CD W/GLASS DOOR,"$166,00",13/04/2026,CD'S,PEPE MTZ
TAOS CD W/IRON DOOR,"$199,00",13/04/2026,CD'S,PEPE MTZ
WESTER SINGLE CD,"$221,00",13/04/2026,CD'S,PEPE MTZ
WESTER DOUBLE CD,"$304,00",13/04/2026,CD'S,PEPE MTZ
WESTER DOUBLE CD W/IRON DOOR,"$334,00",13/04/2026,CD'S,PEPE MTZ
2-DOOR SLATTE SIDEBOARD,"$263,00",13/04/2026,Sideboard,PEPE MTZ
3-DOOR SLATTE SIDEBOARD,"$371,00",13/04/2026,Sideboard,PEPE MTZ
4-DOOR SLATTE SIDEBOARD,"$518,00",13/04/2026,Sideboard,PEPE MTZ
5-DOOR SLATTE SIDEBOARD,"$587,00",13/04/2026,Sideboard,PEPE MTZ
6-DOOR SLATTE SIDEBOARD,"$661,00",13/04/2026,Sideboard,PEPE MTZ
2-DOOR TILE SIDEBOARD,"$268,00",13/04/2026,Sideboard,PEPE MTZ
3-DOOR TILE SIDEBOARD,"$351,00",13/04/2026,Sideboard,PEPE MTZ
4-DOOR TILE SIDEBOARD,"$437,00",13/04/2026,Sideboard,PEPE MTZ
5-DOOR TILE SIDEBOARD,"$518,00",13/04/2026,Sideboard,PEPE MTZ
6-DOOR TILE SIDEBOARD,"$602,00",13/04/2026,Sideboard,PEPE MTZ
2 TILE SIDEBOARD W/FANCY TIN,"$279,00",13/04/2026,Sideboard,PEPE MTZ
3 TILE SIDEBOARD W/FANCY TIN,"$368,00",13/04/2026,Sideboard,PEPE MTZ
4 TILE SIDEBOARD W/FANCY TIN,"$458,00",13/04/2026,Sideboard,PEPE MTZ
2 SLATTE SIDEBOARD W/FANCY TIN,"$274,00",13/04/2026,Sideboard,PEPE MTZ
3 SLATTE SIDEBOARD W/FANCY TIN,"$389,00",13/04/2026,Sideboard,PEPE MTZ
4 SLATTE SIDEBOARD W/FANCY TIN,"$543,00",13/04/2026,Sideboard,PEPE MTZ
5 SLATTE SIDEBOARD W/FANCY TIN,"$617,00",13/04/2026,Sideboard,PEPE MTZ
6 SLATTE SIDEBOARD W/FANCY TIN,"$697,00",13/04/2026,Sideboard,PEPE MTZ
1-DOOR SLATTE SIDEBOARD W/COOPER,"$249,00",13/04/2026,Sideboard,PEPE MTZ
2-DOOR SLATTE SIDEBOARD W/COOPER,"$362,00",13/04/2026,Sideboard,PEPE MTZ
3-DOOR SLATTE SIDEBOARD W/COOPER,"$520,00",13/04/2026,Sideboard,PEPE MTZ
4-DOOR SLATTE SIDEBOARD W/COOPER,"$718,00",13/04/2026,Sideboard,PEPE MTZ
5-DOOR SLATTE SIDEBOARD W/COOPER,"$835,00",13/04/2026,Sideboard,PEPE MTZ
6-DOOR SLATTE SIDEBOARD W/COOPER,"$960,00",13/04/2026,Sideboard,PEPE MTZ
6-DOOR SLATTE SIDEBOARD W/GLASS DOOR,"$695,00",13/04/2026,Sideboard,PEPE MTZ
5-DOOR SIDEBOARD SOLID TOP,"$587,00",13/04/2026,Sideboard,PEPE MTZ
5-TILE SIDEBOARD (NO TILE),"$503,00",13/04/2026,Sideboard,PEPE MTZ
MISSION BUFFET 3 DRWS.,"$409,00",13/04/2026,Buffet,PEPE MTZ
TAPER LEG'S BUFFET,"$175,00",13/04/2026,Buffet,PEPE MTZ
MISSION BUFFET W/TOP,"$451,00",13/04/2026,Buffet,PEPE MTZ
CHIHUAHUA BUFFET,"$253,00",13/04/2026,Buffet,PEPE MTZ
CACHINA BUFFEET,"$516,00",13/04/2026,Buffet,PEPE MTZ
NAIL BUFFET,"$412,00",13/04/2026,Buffet,PEPE MTZ
SHAKER BUFFET,"$371,00",13/04/2026,Buffet,PEPE MTZ
"48"" SANTA FE BUFFET","$352,00",13/04/2026,Buffet,PEPE MTZ
"60"" SANTA FE BUFFET","$398,00",13/04/2026,Buffet,PEPE MTZ
"72"" SANTA FE BUFFET","$451,00",13/04/2026,Buffet,PEPE MTZ
"36"" IRON BASE BUFFET W/DRWS","$299,00",13/04/2026,Buffet,PEPE MTZ
"48"" IRON BASE BUFFET W/DRWS.","$337,00",13/04/2026,Buffet,PEPE MTZ
"60"" IRON BASE BUFFET W/DRWS","$378,00",13/04/2026,Buffet,PEPE MTZ
"72"" IRON BASE BUFFET W/DRWS.","$417,00",13/04/2026,Buffet,PEPE MTZ
PUEBLA BUFFET W/IRONBASE,"$236,00",13/04/2026,Buffet,PEPE MTZ
PUEBLA BUFFET,"$175,00",13/04/2026,Buffet,PEPE MTZ
BUFFET W/DRWS.,"$364,00",13/04/2026,Buffet,PEPE MTZ
6DRWS. BUFFET,"$378,00",13/04/2026,Buffet,PEPE MTZ
SHAKER BUFFET XL,"$426,00",13/04/2026,Buffet,PEPE MTZ
SM TWIG BUFFET 36X18X36,"$267,00",13/04/2026,Buffet,PEPE MTZ
TALL ARCH CAVA,"$322,00",13/04/2026,Jelly´s,PEPE MTZ
SHORT ARCH JELLY,"$167,00",13/04/2026,Jelly´s,PEPE MTZ
TALL ARCH JELLY,"$199,00",13/04/2026,Jelly´s,PEPE MTZ
CHIHUAHUA JELLY,"$132,00",13/04/2026,Jelly´s,PEPE MTZ
CHIHUAHUA DOUBLE JELLY,"$199,00",13/04/2026,Jelly´s,PEPE MTZ
"48"" CHILI JELLY","$103,00",13/04/2026,Jelly´s,PEPE MTZ
"60"" CHILI JELLY","$132,00",13/04/2026,Jelly´s,PEPE MTZ
"48"" CHILI DOUBLE JELLY","$199,00",13/04/2026,Jelly´s,PEPE MTZ
"60"" CHILI DOUBLE JELLY","$270,00",13/04/2026,Jelly´s,PEPE MTZ
CROSS TALL JELLY,"$155,00",13/04/2026,Jelly´s,PEPE MTZ
CROSS SHORT JELLY,"$132,00",13/04/2026,Jelly´s,PEPE MTZ
FANCY TIN SHORT JELLY,"$160,00",13/04/2026,Jelly´s,PEPE MTZ
FANCY TIN TALL JELLY,"$199,00",13/04/2026,Jelly´s,PEPE MTZ
DOUBLE FANCY TIN TALL JELLY,"$316,00",13/04/2026,Jelly´s,PEPE MTZ
TALL CACHINA JELLY,"$210,00",13/04/2026,Jelly´s,PEPE MTZ
SHORT CACHINA JELLY,"$184,00",13/04/2026,Jelly´s,PEPE MTZ
DOUBLE CACHINA JELLY,"$329,00",13/04/2026,Jelly´s,PEPE MTZ
CROSS SHORT DOUBLE JELLY,"$199,00",13/04/2026,Jelly´s,PEPE MTZ
CROSS TALL DOUBLE JELLY,"$268,00",13/04/2026,Jelly´s,PEPE MTZ
8-PANEL TALL JELLY,"$268,00",13/04/2026,Jelly´s,PEPE MTZ
RUSTIC TIN SHORT JELLY,"$132,00",13/04/2026,Jelly´s,PEPE MTZ
RUSTIC TIN TALL JELLY,"$155,00",13/04/2026,Jelly´s,PEPE MTZ
ARCH TOP IRON BASE JELLY,"$209,00",13/04/2026,Jelly´s,PEPE MTZ
"48"" WESTERN JELLY","$159,00",13/04/2026,Jelly´s,PEPE MTZ
PIE SAFE,"$188,00",13/04/2026,Jelly´s,PEPE MTZ
TALL PIE SAFE,"$270,00",13/04/2026,Jelly´s,PEPE MTZ
CHEST LINGERIE 5 DRW.,"$216,00",13/04/2026,Jelly´s,PEPE MTZ
CHEST LINGERIE 5 DRWS 2-SM 3-LG,"$311,00",13/04/2026,Jelly´s,PEPE MTZ
"72"" TWIG JELLY CABINET","$291,00",13/04/2026,Jelly´s,PEPE MTZ
"60"" TWIG JELLY CABINET","$195,00",13/04/2026,Jelly´s,PEPE MTZ
"48"" TWIG JELLY CABINET","$181,00",13/04/2026,Jelly´s,PEPE MTZ
SM TWIG JELLY CABINET,"$171,00",13/04/2026,Jelly´s,PEPE MTZ
TWIG MICROWAVE,"$217,00",13/04/2026,Jelly´s,PEPE MTZ
WALL TASCATE COFFEE TABLE TURQ. INLAY,"$367,00",13/04/2026,Coffee Tables,PEPE MTZ
"TURN LEGS ROUND COFFEE TABLE 38""","$310,00",13/04/2026,Coffee Tables,PEPE MTZ
TASCATE COFFEE TABLE W/IRON BASE TURQ. INLAY,"$475,00",13/04/2026,Coffee Tables,PEPE MTZ
OX YOKE SLATTE COFFEE TABLE,"$409,00",13/04/2026,Coffee Tables,PEPE MTZ
TARAHUMARA OX YOKE COFFEE TABLE,"$226,00",13/04/2026,Coffee Tables,PEPE MTZ
NAIL COFFEE TABLE,"$236,00",13/04/2026,Coffee Tables,PEPE MTZ
SHADOW COFFEE TABLE,"$374,00",13/04/2026,Coffee Tables,PEPE MTZ
2 X 4 FANCY TIN COFFEE TABLE,"$371,00",13/04/2026,Coffee Tables,PEPE MTZ
2 SLATTE X 3 SLATTE TIN COFFE,"$317,00",13/04/2026,Coffee Tables,PEPE MTZ
4' X 4' FANCY TIN COFFEE TABLE,"$329,00",13/04/2026,Coffee Tables,PEPE MTZ
"42"" X 42"" SLATTE COFFEE TABLE","$414,00",13/04/2026,Coffee Tables,PEPE MTZ
2 X 4 FANCY IRON BASE COFFEE TABLE,"$414,00",13/04/2026,Coffee Tables,PEPE MTZ
2 X 3 FANCY IRON BASE COFFEE TABLE,"$394,00",13/04/2026,Coffee Tables,PEPE MTZ
COFFEE BULLET TABLE,"$210,00",13/04/2026,Coffee Tables,PEPE MTZ
"""X"" COFFEE 48X30X18","$251,00",13/04/2026,Coffee Tables,PEPE MTZ
WESTER STAR END TABLE,"$161,00",13/04/2026,End Table,PEPE MTZ
NAIL END TABLE,"$119,00",13/04/2026,End Table,PEPE MTZ
SHADOW END TABLE,"$255,00",13/04/2026,End Table,PEPE MTZ
"26"" X 26"" FANCY TIN END TABLE W/SLATTE","$161,00",13/04/2026,End Table,PEPE MTZ
"22"" X 22"" FANCY TIN END TABLE W/SLATTE","$158,00",13/04/2026,End Table,PEPE MTZ
TURN LEG END TABLE W/LACQUER,"$152,00",13/04/2026,End Table,PEPE MTZ
OX YOKE SLATTE END TABLE,"$217,00",13/04/2026,End Table,PEPE MTZ
WALL TASCATE END TABLE INTAKE TURQ.,"$184,00",13/04/2026,End Table,PEPE MTZ
WALL TASCATE END TABLE INTAKE TURQ. IRONBASE,"$237,00",13/04/2026,End Table,PEPE MTZ
OX YOKE END TABLE 24X24,"$328,00",13/04/2026,End Table,PEPE MTZ
TARAHUMARA OX YOKE END TABLE,"$143,00",13/04/2026,End Table,PEPE MTZ
END BULLET TABLE,"$113,00",13/04/2026,End Table,PEPE MTZ
"""X"" END TABLE 22X22X24","$130,00",13/04/2026,End Table,PEPE MTZ
IRON BASE 22X22 FANCY TIN END TABLE W/SLATTE,"$259,00",13/04/2026,End Table,PEPE MTZ
WALL TASCATE SOFA TABLE INTAKE TURQ.,"$367,00",13/04/2026,Sofa Table,PEPE MTZ
WESTER STAR SOFA TABLE,"$336,00",13/04/2026,Sofa Table,PEPE MTZ
NAIL SOFA TABLE,"$258,00",13/04/2026,Sofa Table,PEPE MTZ
SHADOW SOFA TABLE,"$374,00",13/04/2026,Sofa Table,PEPE MTZ
HALF MOON SOFA TABLE,"$132,00",13/04/2026,Sofa Table,PEPE MTZ
TURN LEGS SOFA TABLE,"$295,00",13/04/2026,Sofa Table,PEPE MTZ
5 FT. OX YOKE SOFA TABLE W/SLATTE,"$413,00",13/04/2026,Sofa Table,PEPE MTZ
4 FT. OX YOKE SOFA TABLE W/SLATTE,,13/04/2026,Sofa Table,PEPE MTZ
WALL TASCATE SOFA TABLE INTAKE TURQ. IRONBASE,"$475,00",13/04/2026,Sofa Table,PEPE MTZ
2-TILE IRON BASE SOFA TABLE,"$212,00",13/04/2026,Sofa Table,PEPE MTZ
3-TILE IRON BASE SOFA TABLE,"$255,00",13/04/2026,Sofa Table,PEPE MTZ
4-TILE IRON BASE SOFA TABLE,"$299,00",13/04/2026,Sofa Table,PEPE MTZ
5 TILE IRON BASE SOFA TABLE,"$340,00",13/04/2026,Sofa Table,PEPE MTZ
2-SLATTE IRON BASE SOFA TABLE,"$226,00",13/04/2026,Sofa Table,PEPE MTZ
3-SLATTE IRON BASE SOFA TABLE,"$306,00",13/04/2026,Sofa Table,PEPE MTZ
4-SLATTE IRON BASE SOFA TABLE,"$352,00",13/04/2026,Sofa Table,PEPE MTZ
2-SLATTE WESTER SOFA TABLE,"$268,00",13/04/2026,Sofa Table,PEPE MTZ
3-SLATTE WESTER SOFA TABLE,"$306,00",13/04/2026,Sofa Table,PEPE MTZ
4-SLATTE WESTER SOFA TABLE,"$352,00",13/04/2026,Sofa Table,PEPE MTZ
2 TILE FANCY TIN SOFA TABLE,"$216,00",13/04/2026,Sofa Table,PEPE MTZ
3 TILE FANCY TIN SOFA TABLE,"$262,00",13/04/2026,Sofa Table,PEPE MTZ
4 FANCY TIN SOFA TABLE,"$305,00",13/04/2026,Sofa Table,PEPE MTZ
2 SLATTE FANCY TIN TABLE,"$229,00",13/04/2026,Sofa Table,PEPE MTZ
3 SLATTE FANCY TIN SOFA TABLE,"$316,00",13/04/2026,Sofa Table,PEPE MTZ
4 SLATTE FANCY TIN SOFA TABLE,"$360,00",13/04/2026,Sofa Table,PEPE MTZ
2 SOLID TOP IRONBASE SOFA TABLE W/SHELF,"$226,00",13/04/2026,Sofa Table,PEPE MTZ
3 SOLID TOP IRONBASE SOFA TABLE W/SHELF,"$306,00",13/04/2026,Sofa Table,PEPE MTZ
4 SOLID TOP IRONBASE SOFA TABLE W/SHELF,"$352,00",13/04/2026,Sofa Table,PEPE MTZ
2 TILE IRONBASE SOFA TABLE W/SHELF,"$233,00",13/04/2026,Sofa Table,PEPE MTZ
3 TILE IRONBASE SOFA TABLE W/SHELF,"$319,00",13/04/2026,Sofa Table,PEPE MTZ
4 TILE IRONBASE SOFA TABLE W/SHELF,"$367,00",13/04/2026,Sofa Table,PEPE MTZ
5 TILE IRONBASE SOFA TABLE W/SHELF,"$414,00",13/04/2026,Sofa Table,PEPE MTZ
2 SLATTE IRONBASE SOFA TABLE W/SHELF,"$236,00",13/04/2026,Sofa Table,PEPE MTZ
3 SLATTE IRONBASE SOFA TABLE W/SHELF,"$324,00",13/04/2026,Sofa Table,PEPE MTZ
4 SLATTE IRONBASE SOFA TABLE W/SHELF,"$374,00",13/04/2026,Sofa Table,PEPE MTZ
5 SLATTE IRONBASE SOFA TABLE W/SHELF,"$424,00",13/04/2026,Sofa Table,PEPE MTZ
6 SLATTE IRONBASE SOFA TABLE W/SHELF,"$472,00",13/04/2026,Sofa Table,PEPE MTZ
TARAHUMARA OX YOKE SOFA TABLE,"$226,00",13/04/2026,Sofa Table,PEPE MTZ
"""X"" SOFA TABLE 60X16X30","$297,00",13/04/2026,Sofa Table,PEPE MTZ
"18"" CURIO BOOKCASE","$133,00",13/04/2026,Bookcases,PEPE MTZ
"24"" CURIO BOOKCASE","$155,00",13/04/2026,Bookcases,PEPE MTZ
"30"" CURIO BOOKCASE","$173,00",13/04/2026,Bookcases,PEPE MTZ
"36"" CURIO BOOKCASE","$196,00",13/04/2026,Bookcases,PEPE MTZ
"48"" CURIO BOOKCASE","$234,00",13/04/2026,Bookcases,PEPE MTZ
"36'X 36""CURIO BOOKCASE","$104,00",13/04/2026,Bookcases,PEPE MTZ
"18"" DENTAL BOOKCASE","$152,00",13/04/2026,Bookcases,PEPE MTZ
"24"" DENTAL BOOKCASE","$165,00",13/04/2026,Bookcases,PEPE MTZ
"30"" DENTAL BOOKCASE","$196,00",13/04/2026,Bookcases,PEPE MTZ
"36"" DENTAL BOOKCASE","$207,00",13/04/2026,Bookcases,PEPE MTZ
"48"" DENTAL BOOKCASE","$249,00",13/04/2026,Bookcases,PEPE MTZ
CHIHUAHUA BOOKCASE,"$333,00",13/04/2026,Bookcases,PEPE MTZ
BOOKCASE SIMPLE 60X15X36,"$184,00",13/04/2026,Bookcases,PEPE MTZ
"18"" DOME BOOKCASE","$167,00",13/04/2026,Bookcases,PEPE MTZ
"24"" DOME BOOKCASE","$198,00",13/04/2026,Bookcases,PEPE MTZ
"30"" DOME BOOKCASE","$228,00",13/04/2026,Bookcases,PEPE MTZ
"36"" DOME BOOKCASE","$244,00",13/04/2026,Bookcases,PEPE MTZ
"48"" DOME BOOKCASE","$289,00",13/04/2026,Bookcases,PEPE MTZ
"18"" ARCH BOOKCASE","$198,00",13/04/2026,Bookcases,PEPE MTZ
"24"" ARCH BOOKCASE","$228,00",13/04/2026,Bookcases,PEPE MTZ
"30"" ARCH BOOKCASE","$243,00",13/04/2026,Bookcases,PEPE MTZ
"36"" ARCH BOOKCASE","$267,00",13/04/2026,Bookcases,PEPE MTZ
"48"" ARCH BOOKCASE","$289,00",13/04/2026,Bookcases,PEPE MTZ
"18"" SIERRA BOOKCASE","$138,00",13/04/2026,Bookcases,PEPE MTZ
"24"" SIERRA BOOKCASE","$159,00",13/04/2026,Bookcases,PEPE MTZ
"30"" SIERRA BOOKCASE","$184,00",13/04/2026,Bookcases,PEPE MTZ
"36"" SIERRA BOOKCASE","$213,00",13/04/2026,Bookcases,PEPE MTZ
"48"" SIERRA BOOKCASE","$243,00",13/04/2026,Bookcases,PEPE MTZ
"TARAHUMARA BOOKCASE 30""","$168,00",13/04/2026,Bookcases,PEPE MTZ
"TARAHUMARA BOOKCASE 36""","$187,00",13/04/2026,Bookcases,PEPE MTZ
"TARAHUMARA BOOKCASE 48""","$244,00",13/04/2026,Bookcases,PEPE MTZ
"36"" TWIG BOOKCASE","$148,00",13/04/2026,Bookcases,PEPE MTZ
"18"" TWIG BOOKCASE","$133,00",13/04/2026,Bookcases,PEPE MTZ
SHORT BOOK ZUNI,"$127,00",13/04/2026,Bookcases,PEPE MTZ
BOOKCASE SIMPLE 60X15X48,"$184,00",13/04/2026,Bookcases,PEPE MTZ
"24"" OX YOKE BOOKCASE","$228,00",13/04/2026,Bookcases,PEPE MTZ
"36"" OX YOKE BOOKCASE","$259,00",13/04/2026,Bookcases,PEPE MTZ
"48"" OX YOKE BOOKCASE","$289,00",13/04/2026,Bookcases,PEPE MTZ
"24"" TWIG BOOKCASE","$140,00",13/04/2026,Bookcases,PEPE MTZ
"48"" TWIG BOOKCASE","$166,00",13/04/2026,Bookcases,PEPE MTZ
60X18X84 CURIO BOOKCASE,"$368,00",13/04/2026,Bookcases,PEPE MTZ
"CROSS ARMOIRE 22"" DEEP","$449,00",13/04/2026,Armories,PEPE MTZ
"FANCY TIN ARMOIRE 22"" DEEP","$449,00",13/04/2026,Armories,PEPE MTZ
5-DWR WARDROBE ARMOIRE,"$496,00",13/04/2026,Armories,PEPE MTZ
5-DWR RIGHT WARDROBE ARMOIRE 2-DOOR,"$472,00",13/04/2026,Armories,PEPE MTZ
CACHINA ARMOIRE,"$582,00",13/04/2026,Armories,PEPE MTZ
"42"" IRON BASE ARMOIRE","$531,00",13/04/2026,Armories,PEPE MTZ
"48"" IRON BASE ARMOIRE","$567,00",13/04/2026,Armories,PEPE MTZ
RAISE PANEL ARMOIRE 44X22X72,"$575,00",13/04/2026,Armories,PEPE MTZ
4-DWR UNDER WARDROBE ARMOIRE 2-DOOR,"$578,00",13/04/2026,Armories,PEPE MTZ
CACHINA QUEEN BED,,13/04/2026,headboard & beds,PEPE MTZ
CACHINA QUEEN HEADBOARD,"$374,00",13/04/2026,headboard & beds,PEPE MTZ
COW BOY HEADBOARD,"$395,00",13/04/2026,headboard & beds,PEPE MTZ
BAKARU HEADBOARD TWIN,"$320,00",13/04/2026,headboard & beds,PEPE MTZ
BAKARU HEADBOARD QUEEN,"$374,00",13/04/2026,headboard & beds,PEPE MTZ
BAKARU HEADBOARD KING,"$428,00",13/04/2026,headboard & beds,PEPE MTZ
QUEEN HEADBOARD W/PANELS,"$268,00",13/04/2026,headboard & beds,PEPE MTZ
COWHIDE KING BED,"$1.495,00",13/04/2026,headboard & beds,PEPE MTZ
COWHIDE QUEEN BED,"$1.392,00",13/04/2026,headboard & beds,PEPE MTZ
COWHIDE CUT OUT KING BED,"$1.495,00",13/04/2026,headboard & beds,PEPE MTZ
COWHIDE CUT OUT QUEEN BED,"$1.392,00",13/04/2026,headboard & beds,PEPE MTZ
PUEBLO HEADBOARD QUEEN,"$299,00",13/04/2026,headboard & beds,PEPE MTZ
PUEBLO HEADBOARD KING,"$328,00",13/04/2026,headboard & beds,PEPE MTZ
CONCHOS KS BED,"$1.169,00",13/04/2026,headboard & beds,PEPE MTZ
CONCHOS CHEST,"$893,00",13/04/2026,headboard & beds,PEPE MTZ
PUEBLO HEADBOARD FULL,"$259,00",13/04/2026,headboard & beds,PEPE MTZ
HB/FB PUEBLO COMPLETE BED QS,"$587,00",13/04/2026,headboard & beds,PEPE MTZ
HB/FB PUEBLO COMPLETE BED KS,"$662,00",13/04/2026,headboard & beds,PEPE MTZ
HONDO KS COMPLETE BED,"$1.100,00",13/04/2026,headboard & beds,PEPE MTZ
HONDO QS COMPLETE BED,"$1.035,00",13/04/2026,headboard & beds,PEPE MTZ
6-DWR DRESSER,"$460,00",13/04/2026,"dresser's, chest & mirror",PEPE MTZ
7-DWR DRESSER,"$483,00",13/04/2026,"dresser's, chest & mirror",PEPE MTZ
COWHIDE DRESSER W/MIRROR,"$1.016,00",13/04/2026,"dresser's, chest & mirror",PEPE MTZ
COWHIDE DRESSER NO MIRROR,"$925,00",13/04/2026,"dresser's, chest & mirror",PEPE MTZ
COWHIDE CHEST,"$855,00",13/04/2026,"dresser's, chest & mirror",PEPE MTZ
CONCHOS DRESSER,"$961,00",13/04/2026,"dresser's, chest & mirror",PEPE MTZ
COWHIDE MIRROR,"$173,00",13/04/2026,"dresser's, chest & mirror",PEPE MTZ
5-DWR CHEST 2-SM 3-LG,"$358,00",13/04/2026,"dresser's, chest & mirror",PEPE MTZ
4-DWR CHEST,"$260,00",13/04/2026,"dresser's, chest & mirror",PEPE MTZ
3- DWR CHEST,,13/04/2026,"dresser's, chest & mirror",PEPE MTZ
HONDO CHEST,"$615,00",13/04/2026,"dresser's, chest & mirror",PEPE MTZ
HONDO DRESSER,"$642,00",13/04/2026,"dresser's, chest & mirror",PEPE MTZ
HONDO MIRROR,"$138,00",13/04/2026,"dresser's, chest & mirror",PEPE MTZ
OLD DOOR BENCH LARGE,"$334,00",13/04/2026,Bench,PEPE MTZ
BENCH TASCATE INLAY 72X20X18,"$318,00",13/04/2026,Bench,PEPE MTZ
"36"" ROSETTE BENCH","$161,00",13/04/2026,Bench,PEPE MTZ
"48"" ROSETTE BENCH","$167,00",13/04/2026,Bench,PEPE MTZ
"60"" ROSETTE BENCH","$180,00",13/04/2026,Bench,PEPE MTZ
"48"" CORONA BENCH","$320,00",13/04/2026,Bench,PEPE MTZ
"60"" CORONA BENCH","$340,00",13/04/2026,Bench,PEPE MTZ
"72"" CORONA BENCH","$364,00",13/04/2026,Bench,PEPE MTZ
COW HIDE BENCH,"$397,00",13/04/2026,Bench,PEPE MTZ
"48"" TARAHUMARA BENCH","$167,00",13/04/2026,Bench,PEPE MTZ
"54""OX YOKE BENCH W/LEATHER","$329,00",13/04/2026,Bench,PEPE MTZ
3 DRW. BENCH,"$234,00",13/04/2026,Bench,PEPE MTZ
"60"" CROOS BENCH","$328,00",13/04/2026,Bench,PEPE MTZ
8 FT. TASCATE BENCH TURQ. INLAY,"$385,00",13/04/2026,Bench,PEPE MTZ
BENCH TASCATE INLAY 48X20X18,"$251,00",13/04/2026,Bench,PEPE MTZ
BENCH TASCATE INLAY 60X20X18,"$268,00",13/04/2026,Bench,PEPE MTZ
BUTT BENCH 1-SEAT,"$50,00",13/04/2026,Bench,PEPE MTZ
BUTT BENCH 2-SEAT,"$67,00",13/04/2026,Bench,PEPE MTZ
BUTT BENCH 3-SEAT,"$84,00",13/04/2026,Bench,PEPE MTZ
BUTT BENCH 4-SEAT,"$102,00",13/04/2026,Bench,PEPE MTZ
"72"" OX YOKE BENCH W/LEATHER","$363,00",13/04/2026,Bench,PEPE MTZ
"SPINDEL DESK 36""","$176,00",13/04/2026,Desk,PEPE MTZ
"SPINDEL DESK 48""","$198,00",13/04/2026,Desk,PEPE MTZ
"2-DWR SPINDEL DESK 48""","$297,00",13/04/2026,Desk,PEPE MTZ
"IRON BASE DESK 18"" DEEP","$255,00",13/04/2026,Desk,PEPE MTZ
"IRON BASE DESK 24"" DEEP","$275,00",13/04/2026,Desk,PEPE MTZ
IRON BASE DESK,"$302,00",13/04/2026,Desk,PEPE MTZ
COWHIDE EXECUTIVE DESK,"$961,00",13/04/2026,Desk,PEPE MTZ
JR. COWHIDE DESK,"$534,00",13/04/2026,Desk,PEPE MTZ
COWHIDE FILE CABINET 3 DRWS,"$410,00",13/04/2026,Desk,PEPE MTZ
WESTER EXECUTIVE DESK,"$793,00",13/04/2026,Desk,PEPE MTZ
SECRETARY DESK,"$393,00",13/04/2026,Desk,PEPE MTZ
JR. WESTERN DESK,"$460,00",13/04/2026,Desk,PEPE MTZ
"54"" RUSTIC SIERRA DESK","$243,00",13/04/2026,Desk,PEPE MTZ
"60"" RUSTIC SIERRA DESK","$274,00",13/04/2026,Desk,PEPE MTZ
3-DWR IRON BASE DESK,"$343,00",13/04/2026,Desk,PEPE MTZ
5-DWR IRON BASE DESK,"$395,00",13/04/2026,Desk,PEPE MTZ
SOUTHWEST CHAIR,"$122,00",13/04/2026,Chairs,PEPE MTZ
SOUTHWEST CHAIR W/LEATHER,"$165,00",13/04/2026,Chairs,PEPE MTZ
TURN LEGS WESTERN CHAIR,"$103,00",13/04/2026,Chairs,PEPE MTZ
RICARDO CHAIR,"$79,00",13/04/2026,Chairs,PEPE MTZ
RICARDO ARM CHAIR,"$90,00",13/04/2026,Chairs,PEPE MTZ
RICARDO CHAIR W/LACQUER,"$90,00",13/04/2026,Chairs,PEPE MTZ
MEXICAN CHAIR,"$103,00",13/04/2026,Chairs,PEPE MTZ
CORONA CHAIR,"$79,00",13/04/2026,Chairs,PEPE MTZ
PLAIN CHAIR,"$69,00",13/04/2026,Chairs,PEPE MTZ
CHAIR FOR DESK,"$103,00",13/04/2026,Chairs,PEPE MTZ
COWHIDE CHAIR FOR DESK,"$133,00",13/04/2026,Chairs,PEPE MTZ
OX YOKE CHAIR,"$124,00",13/04/2026,Chairs,PEPE MTZ
OX YOKE CHAIR W/LEATHER,"$152,00",13/04/2026,Chairs,PEPE MTZ
CURVE MEZCALERO CHAIR,"$88,00",13/04/2026,Chairs,PEPE MTZ
MEZCALERO CHAIR W/LEATHER,"$138,00",13/04/2026,Chairs,PEPE MTZ
MEZCALERO CHAIR W/COOPER WOOD SEAT,"$115,00",13/04/2026,Chairs,PEPE MTZ
MEZCALERO CHAIR W/COOPER & LEATHER,"$160,00",13/04/2026,Chairs,PEPE MTZ
OFFICE CHAIR,"$544,00",13/04/2026,Chairs,PEPE MTZ
WINGBACK CHAIR,"$544,00",13/04/2026,Chairs,PEPE MTZ
RUSTIC CHAIR,"$88,00",13/04/2026,Chairs,PEPE MTZ
RUSTIC CHAIR W/LEATHER,"$138,00",13/04/2026,Chairs,PEPE MTZ
TASCATE CHAIR W/LEATHER TURQ. INLAY,"$226,00",13/04/2026,Chairs,PEPE MTZ
JUAREZ YOKE TOOLED CHAIR W/LACQUER,"$310,00",13/04/2026,Chairs,PEPE MTZ
TASCATE CHAIR W/WRAPPED LEATHER,"$165,00",13/04/2026,Chairs,PEPE MTZ
MEZCALERO CHAIR W/WRAPPED LEATHER,"$165,00",13/04/2026,Chairs,PEPE MTZ
ROSETTA CURVE BACK CHAIR W/LEATHER,"$165,00",13/04/2026,Chairs,PEPE MTZ
MEZCALERO CURVE CACHINA STRIP CHAIR W/LEATHER,"$141,00",13/04/2026,Chairs,PEPE MTZ
SINGLE ROCKING CHAIR,"$184,00",13/04/2026,Chairs,PEPE MTZ
DOUBLE ROCKING CHAIR,"$259,00",13/04/2026,Chairs,PEPE MTZ
STAR BARSTOOL,"$79,00",13/04/2026,Barstools,PEPE MTZ
TAOS BARSTOOL,"$81,00",13/04/2026,Barstools,PEPE MTZ
MEXICAN BARSTOOL,"$103,00",13/04/2026,Barstools,PEPE MTZ
"MEXICAN BARSTOOL 30""","$103,00",13/04/2026,Barstools,PEPE MTZ
CORONA BARSTOOL 26'',"$79,00",13/04/2026,Barstools,PEPE MTZ
"CORONA BARSTOOL 30""","$79,00",13/04/2026,Barstools,PEPE MTZ
"TECATE BARSTOOL 30""","$79,00",13/04/2026,Barstools,PEPE MTZ
"XX LAGER BARSTOOL 30""","$88,00",13/04/2026,Barstools,PEPE MTZ
"BUDWEISER BARSTOOL 30""","$88,00",13/04/2026,Barstools,PEPE MTZ
"HARLEY BARSTOOLS 26""","$141,00",13/04/2026,Barstools,PEPE MTZ
"HARLEY BARSTOOLS 30""","$141,00",13/04/2026,Barstools,PEPE MTZ
"PLAIN BARSTOOL 24""","$73,00",13/04/2026,Barstools,PEPE MTZ
"PLAIN BARSTOOL 30""","$73,00",13/04/2026,Barstools,PEPE MTZ
"PLAIN BARSTOOL 26""","$73,00",13/04/2026,Barstools,PEPE MTZ
COWHIDE SWIVEL BARSTOOL,"$276,00",13/04/2026,Barstools,PEPE MTZ
"24"" STOOLS W/LEATHER","$110,00",13/04/2026,Barstools,PEPE MTZ
"30"" STOOLS W/LEATHER","$110,00",13/04/2026,Barstools,PEPE MTZ
"MEZCALERO BARSTOOL 24"" W/COOPER","$155,00",13/04/2026,Barstools,PEPE MTZ
"26"" PLAIN BARSTOOL W/LACQUER","$88,00",13/04/2026,Barstools,PEPE MTZ
TASCATE BARSTOOL W/WRAPPED LEATHER,"$165,00",13/04/2026,Barstools,PEPE MTZ
TWIST BARSTOOL IRON BLACK,"$99,00",13/04/2026,Barstools,PEPE MTZ
IRON BASE BARSTOOL TOOLED LEATHER SEAT,"$184,00",13/04/2026,Barstools,PEPE MTZ
"30"" MEZCALERO BARSTOOL W/LEATHER","$196,00",13/04/2026,Barstools,PEPE MTZ
5 FT. CACHINA BORDER DINING TABLE,"$479,00",13/04/2026,Tables and islands,PEPE MTZ
"SOUTHWEST SLATTE DINING TABLE 72""","$643,00",13/04/2026,Tables and islands,PEPE MTZ
"SOUTHWEST SLATTE DINING TABLE 84""","$695,00",13/04/2026,Tables and islands,PEPE MTZ
"TERRACOTA DINING TABLE 72""","$482,00",13/04/2026,Tables and islands,PEPE MTZ
OX YOKE SLATTE DINING TABLE 6 FT.,"$643,00",13/04/2026,Tables and islands,PEPE MTZ
OX YOKE DINING TABLE 6 FT,"$681,00",13/04/2026,Tables and islands,PEPE MTZ
OX YOKE DINING TABLE 7FT.,"$711,00",13/04/2026,Tables and islands,PEPE MTZ
"DINING TABLE 60""","$458,00",13/04/2026,Tables and islands,PEPE MTZ
"DINING TABLE 72""","$495,00",13/04/2026,Tables and islands,PEPE MTZ
"DINING TABLE 84""","$529,00",13/04/2026,Tables and islands,PEPE MTZ
60X60 DINING TABLE,"$482,00",13/04/2026,Tables and islands,PEPE MTZ
CORONA DINING TABLE,"$257,00",13/04/2026,Tables and islands,PEPE MTZ
MEXICAN DINING TABLE,"$408,00",13/04/2026,Tables and islands,PEPE MTZ
REAL SLATE DINING TABLE 72X36,"$540,00",13/04/2026,Tables and islands,PEPE MTZ
REAL SLATTE DINING TABLE 5',"$540,00",13/04/2026,Tables and islands,PEPE MTZ
REAL SLATE DINING TABLE 6',"$588,00",13/04/2026,Tables and islands,PEPE MTZ
REAL SLATE DINING TABLE 7'',"$636,00",13/04/2026,Tables and islands,PEPE MTZ
REAL SLATTE DINING TABLE 8',"$686,00",13/04/2026,Tables and islands,PEPE MTZ
REAL SLATTE DINING TABLE 9',"$738,00",13/04/2026,Tables and islands,PEPE MTZ
5 X 5 SLATTE DINING TABLE,"$589,00",13/04/2026,Tables and islands,PEPE MTZ
TERRACOTA KITCHEN ISLAND (4-tile),"$417,00",13/04/2026,Tables and islands,PEPE MTZ
TERRACOTA KITCHEN ISLAND (6-tile),"$535,00",13/04/2026,Tables and islands,PEPE MTZ
42X42 DINING TABLE,"$386,00",13/04/2026,Tables and islands,PEPE MTZ
6 FT. TASCATE DINING TALE TURQ. INLAY,"$769,00",13/04/2026,Tables and islands,PEPE MTZ
7 FT. TASCATE DINING TABLE TURQ. INLAY,"$802,00",13/04/2026,Tables and islands,PEPE MTZ
8 FT. TASCATE DINING TABLE TURQ. INLAY,"$835,00",13/04/2026,Tables and islands,PEPE MTZ
OX YOKE SLATTE DINING TABLE 7 FT.,"$695,00",13/04/2026,Tables and islands,PEPE MTZ
7 FT. RUSTIC TABLE,"$612,00",13/04/2026,Tables and islands,PEPE MTZ
8 FT. RUSTIC TABLE,"$544,00",13/04/2026,Tables and islands,PEPE MTZ
9 FT. RUSTIC TABLE,"$575,00",13/04/2026,Tables and islands,PEPE MTZ
10 FT. RUSTIC TABLE,"$609,00",13/04/2026,Tables and islands,PEPE MTZ
"48"" RUSTIC ROUND TABLE","$920,00",13/04/2026,Tables and islands,PEPE MTZ
"60"" RUSTIC ROUND TABLE","$848,00",13/04/2026,Tables and islands,PEPE MTZ
5 FT. ROUND OX YOKE DINING W/PEDESTAL,"$695,00",13/04/2026,Tables and islands,PEPE MTZ
"42"" ROUND DINING PEDESTAL TURN LEG","$351,00",13/04/2026,Tables and islands,PEPE MTZ
40X40 SQUARE TURN LEG SMALL DINING TABLE,"$419,00",13/04/2026,Tables and islands,PEPE MTZ
OX YOKE SLATTE DINING TABLE 8 FT,"$747,00",13/04/2026,Tables and islands,PEPE MTZ
PLAIN BISTRO TABLE,"$257,00",13/04/2026,Bistros,PEPE MTZ
CORONA BISTRO TABLE,"$256,00",13/04/2026,Bistros,PEPE MTZ
STAR BISTRO TABLE,"$268,00",13/04/2026,Bistros,PEPE MTZ
HARLEY BISTRO TABLE,"$288,00",13/04/2026,Bistros,PEPE MTZ
MEXICAN BISTRO TABLE,"$408,00",13/04/2026,Bistros,PEPE MTZ
"42"" TALL PLAIN BISTRO TABLE","$248,00",13/04/2026,Bistros,PEPE MTZ
PLAIN BISTRO RECTANGLE,"$357,00",13/04/2026,Bistros,PEPE MTZ
PLAIN BISTRO RECTANGLE W/LACQUER,"$393,00",13/04/2026,Bistros,PEPE MTZ
TASCATE PLAIN BISTRO RECTANGLE TURQ. INLAY,"$495,00",13/04/2026,Bistros,PEPE MTZ
XX LAGER BISTRO TABLE,"$256,00",13/04/2026,Bistros,PEPE MTZ
"48"" CORONA BAR","$516,00",13/04/2026,Bars,PEPE MTZ
"72"" CORONA BAR","$601,00",13/04/2026,Bars,PEPE MTZ
"48"" HARLEY BAR","$609,00",13/04/2026,Bars,PEPE MTZ
"72"" HARLEY BAR","$696,00",13/04/2026,Bars,PEPE MTZ
"48"" MEXICAN BAR","$516,00",13/04/2026,Bars,PEPE MTZ
"72"" MEXICAN BAR","$601,00",13/04/2026,Bars,PEPE MTZ
"72"" TECATE BAR","$601,00",13/04/2026,Bars,PEPE MTZ
"72"" BUDWEISER BAR","$628,00",13/04/2026,Bars,PEPE MTZ
"48"" XX LAGER BAR","$609,00",13/04/2026,Bars,PEPE MTZ
"72"" XX LAGER BAR","$734,00",13/04/2026,Bars,PEPE MTZ
"48"" PLAIN BAR","$489,00",13/04/2026,Bars,PEPE MTZ
"72"" PLAIN BAR","$572,00",13/04/2026,Bars,PEPE MTZ
"60"" PLAIN BAR","$529,00",13/04/2026,Bars,PEPE MTZ
"60"" PLAIN BAR W/SLATTE","$598,00",13/04/2026,Bars,PEPE MTZ
"72"" PLAIN BAR W/SLATTE","$647,00",13/04/2026,Bars,PEPE MTZ
"72"" PLAIN BAR W/TILE","$619,00",13/04/2026,Bars,PEPE MTZ
"48"" PLAIN BAR W/SLATTE","$551,00",13/04/2026,Bars,PEPE MTZ
"48"" TECATE BAR","$516,00",13/04/2026,Bars,PEPE MTZ
7FT. SIERRA BAR,"$874,00",13/04/2026,Bars,PEPE MTZ
CURIO CORNER CAB.,"$152,00",13/04/2026,Varios,PEPE MTZ
MED.CORNER CAB.,"$279,00",13/04/2026,Varios,PEPE MTZ
TALL CORNER CAB.,"$442,00",13/04/2026,Varios,PEPE MTZ
12X12 MARIO'S TABLE,"$61,00",13/04/2026,Varios,PEPE MTZ
12X24 MARIO'S TABLE,"$76,00",13/04/2026,Varios,PEPE MTZ
12X36 MARIO'S TABLE,"$92,00",13/04/2026,Varios,PEPE MTZ
12X48 MARIO'S TABLE,"$110,00",13/04/2026,Varios,PEPE MTZ
16X16 MARIO'S TABLE,"$76,00",13/04/2026,Varios,PEPE MTZ
16X24 MARIO'S TABLE,"$96,00",13/04/2026,Varios,PEPE MTZ
16X36 MARIO'S TABLE,"$106,00",13/04/2026,Varios,PEPE MTZ
16X48 MARIO'S TABLE,"$132,00",13/04/2026,Varios,PEPE MTZ
SMALL COOLER,"$241,00",13/04/2026,Varios,PEPE MTZ
COOLER,"$276,00",13/04/2026,Varios,PEPE MTZ
CABINET LINEN 4' CROSS 36X13X48,"$199,00",13/04/2026,siso,PEPE MTZ
CABINET LINEN 4' FANCY TIN 36X13X48,"$241,00",13/04/2026,siso,PEPE MTZ
CABINET LINEN 4' CROSS 36X18X48,"$230,00",13/04/2026,siso,PEPE MTZ
CABINET LINEN 4' FANCY TIN 36X18X48,"$275,00",13/04/2026,siso,PEPE MTZ
CABINET LINEN 4' RUSTIC TIN 36X16X48,"$209,00",13/04/2026,siso,PEPE MTZ
CABINET LINEN 5' CROSS 36X13X60,"$257,00",13/04/2026,siso,PEPE MTZ
CABINET LINEN 5' FANCY TIN 36X13X60,"$299,00",13/04/2026,siso,PEPE MTZ
CABINET LINEN 5' CROSS 36X18X60,"$299,00",13/04/2026,siso,PEPE MTZ
CABINET LINEN 5' 36X18X60,"$343,00",13/04/2026,siso,PEPE MTZ
"CABINET LINEN 5"" RUSTIC TIN 36X13X60","$274,00",13/04/2026,siso,PEPE MTZ
CABINET LINEN 5' RUSTIC TIN 36X18X60,"$317,00",13/04/2026,siso,PEPE MTZ
CABINET LINEN 6' CROSS 36X13X72,"$283,00",13/04/2026,siso,PEPE MTZ
CABINET LINEN 6' FANCY TIN 36X13X72,"$324,00",13/04/2026,siso,PEPE MTZ
CABINET LINEN 6' CROSS 36X18X72,"$343,00",13/04/2026,siso,PEPE MTZ
CABINET LINEN 6' FANCY TIN 36X18X72,"$382,00",13/04/2026,siso,PEPE MTZ
CABINET LINEN 6' RUSTIC TIN 36X18X72,"$358,00",13/04/2026,siso,PEPE MTZ
5' TWIG CABINET LINEN,"$242,00",13/04/2026,siso,PEPE MTZ
4' TWIG CABINET LINEN,"$218,00",13/04/2026,siso,PEPE MTZ
SM TWIG CABINET LINEN,"$196,00",13/04/2026,siso,PEPE MTZ
4' TWIG CABINET LINEN,"$217,00",13/04/2026,siso,PEPE MTZ
36X13X30 TWIG CABINET LINEN,"$242,00",13/04/2026,siso,PEPE MTZ
1-DOOR LAFON SIDEBOARD W/SLATTE,"$199,00",13/04/2026,siso,PEPE MTZ
2-DOOR LAFON SIDEBOARD W/SLATTE,"$262,00",13/04/2026,siso,PEPE MTZ
3-DOOR LAFON SIDEBOARD W/SLATTE,"$371,00",13/04/2026,siso,PEPE MTZ
4-DOOR LAFON SIDEBOARD W/SLATTE,"$518,00",13/04/2026,siso,PEPE MTZ
5-DOOR LAFON SIDEBOARD W/SLATTE,"$587,00",13/04/2026,siso,PEPE MTZ
6-DOOR LAFON SIDEBOARD W/SLATTE,"$662,00",13/04/2026,siso,PEPE MTZ
LAFON IRON 2-DOOR 3-SHELF,"$495,00",13/04/2026,siso,PEPE MTZ
LAFON IRON 1-DOOR 5-SHELF,"$479,00",13/04/2026,siso,PEPE MTZ
LAFON ALL METAL DOORS,"$495,00",13/04/2026,siso,PEPE MTZ
LAFON MULTIPANEL 2-DOOR,"$312,00",13/04/2026,siso,PEPE MTZ
LAFON MULTIPANEL 4-DOOR,"$495,00",13/04/2026,siso,PEPE MTZ
RUSTIC LAFON 1-DOOR,"$312,00",13/04/2026,siso,PEPE MTZ
RUSTIC LAFON 2-DOOR,"$495,00",13/04/2026,siso,PEPE MTZ
"48"" TWIG TV-STAND 48X18X30","$303,00",13/04/2026,siso,PEPE MTZ
"60"" TWIG TV-STAND","$331,00",13/04/2026,siso,PEPE MTZ
"72"" TWIG TV-STAND","$358,00",13/04/2026,siso,PEPE MTZ
TV/VCR STAND W/ROPE 42X13X30,"$259,00",13/04/2026,siso,PEPE MTZ
TV STAND W/FANCY TIN 42X13X30,"$294,00",13/04/2026,siso,PEPE MTZ
TV STAND CACHINA BORDER,"$393,00",13/04/2026,siso,PEPE MTZ
TV/VCR STAND ROPE 58X18X30,"$386,00",13/04/2026,siso,PEPE MTZ
TV-VCR STAND GLASS 60X18X36,"$394,00",13/04/2026,siso,PEPE MTZ
TV/VCR STAND ROPE 60X18X36,"$419,00",13/04/2026,siso,PEPE MTZ
TV/VCR CACHINA BORDER (NO CACHINA),"$274,00",13/04/2026,siso,PEPE MTZ
"60"" TV-CONSOLE W/GLASS","$378,00",13/04/2026,siso,PEPE MTZ
"72"" TV-CONSOLE W/GLASS","$409,00",13/04/2026,siso,PEPE MTZ
"60"" TV-CONSOLE","$471,00",13/04/2026,siso,PEPE MTZ
"72"" TV-CONSOLE","$409,00",13/04/2026,siso,PEPE MTZ
"60"" TV-CONSOLE W/COOPER","$477,00",13/04/2026,siso,PEPE MTZ
"72"" TV-CONSOLE W/COOPER","$511,00",13/04/2026,siso,PEPE MTZ
"60"" HACIENDA TV-CONSOLE","$477,00",13/04/2026,siso,PEPE MTZ
"72"" HACIENDA TV-CONSOLE","$511,00",13/04/2026,siso,PEPE MTZ
48X12X32 TV TARAHUMARA,"$257,00",13/04/2026,siso,PEPE MTZ
3 FT. SIERRA TV STAND,"$270,00",13/04/2026,siso,PEPE MTZ
4 FT. SIERRA TV STAND,"$283,00",13/04/2026,siso,PEPE MTZ
5 FT. SIERRA TV STAND,"$294,00",13/04/2026,siso,PEPE MTZ
6 FT. SIERRA TV STAND,"$304,00",13/04/2026,siso,PEPE MTZ
8 FT. SIERRA TV STAND,"$380,00",13/04/2026,siso,PEPE MTZ
"48"" GOTIK DRESSER","$305,00",13/04/2026,siso,PEPE MTZ
"60"" GOTIK DRESSER","$317,00",13/04/2026,siso,PEPE MTZ
"72"" GOTIK DRESSER","$328,00",13/04/2026,siso,PEPE MTZ
"84"" GOTIK DRESSER","$340,00",13/04/2026,siso,PEPE MTZ
"96"" GOTIK DRESSER","$357,00",13/04/2026,siso,PEPE MTZ
TARAHUMARA POT SM,"$15,00",13/04/2026,siso,PEPE MTZ
TARAHUMARA POT MED,"$30,00",13/04/2026,siso,PEPE MTZ
TARAUMARA POT LG.,"$45,00",13/04/2026,siso,PEPE MTZ
SUGAR MOULDING 2,"$7,00",13/04/2026,siso,PEPE MTZ
SUGAR MOULDING 3,"$10,00",13/04/2026,siso,PEPE MTZ
SUGAR MOULDING 4,"$13,00",13/04/2026,siso,PEPE MTZ
SUGAR MOULDING 5,"$15,00",13/04/2026,siso,PEPE MTZ
SUGAR MOULDING 6,"$19,00",13/04/2026,siso,PEPE MTZ
SUGAR MOULDING 7,"$21,00",13/04/2026,siso,PEPE MTZ
SUGAR MOULDING 8,"$26,00",13/04/2026,siso,PEPE MTZ
SUGAR MOULDING 9,"$28,00",13/04/2026,siso,PEPE MTZ
SUGAR MOULDING 10,"$30,00",13/04/2026,siso,PEPE MTZ
SUGAR MOULDING 11,"$34,00",13/04/2026,siso,PEPE MTZ
SUGAR MOULDING 12,"$36,00",13/04/2026,siso,PEPE MTZ
SUGAR MOULDING BASE,"$7,00",13/04/2026,siso,PEPE MTZ
BATEAS GRANDES,"$27,00",13/04/2026,siso,PEPE MTZ
BATEAS CHICAS,"$14,00",13/04/2026,siso,PEPE MTZ
LADDER 2',"$13,00",13/04/2026,siso,PEPE MTZ
LADDER 3',"$17,00",13/04/2026,siso,PEPE MTZ
LADDER 4',"$23,00",13/04/2026,siso,PEPE MTZ
LADDER 5',"$29,00",13/04/2026,siso,PEPE MTZ
LADDER 6',"$35,00",13/04/2026,siso,PEPE MTZ
LADDER 7',"$42,00",13/04/2026,siso,PEPE MTZ
LADDER 8',"$48,00",13/04/2026,siso,PEPE MTZ
2 FT. TARAHUMARA LADDER W/LEATHER,"$36,00",13/04/2026,siso,PEPE MTZ
3 FT. TARAHUMARA LADDER W/LEATHER,"$56,00",13/04/2026,siso,PEPE MTZ
4 FT. TARAHUMARA LADDER W/LEATHER,"$76,00",13/04/2026,siso,PEPE MTZ
7 FT. TARAHUMARA LADDER W/LEATHER,"$130,00",13/04/2026,siso,PEPE MTZ
"15"" LAMP SHAKES","$36,00",13/04/2026,siso,PEPE MTZ
"18"" LAMP SHAKES","$44,00",13/04/2026,siso,PEPE MTZ
"20"" LAMP SHAKES","$50,00",13/04/2026,siso,PEPE MTZ
"24"" LAMP SHAKES","$60,00",13/04/2026,siso,PEPE MTZ
"36"" COOPER TOP","$602,00",13/04/2026,siso,PEPE MTZ
"48"" COOPER TOP","$802,00",13/04/2026,siso,PEPE MTZ
"60"" COOPER TOP","$1.002,00",13/04/2026,siso,PEPE MTZ
HB GLASS 8X10,"$6,00",13/04/2026,siso,PEPE MTZ
HB GLASS 8X13,"$6,00",13/04/2026,siso,PEPE MTZ
MARGARITA GLASS,"$6,00",13/04/2026,siso,PEPE MTZ
TEQUILA GLASS,"$6,00",13/04/2026,siso,PEPE MTZ
2-DWR IRON BASE NIGHTSTAND,"$138,00",9/01/2026,Nightstand,RUIDOSO
3-DWR NIGHTSTAND,"$154,00",9/01/2026,Nightstand,RUIDOSO
4 DWR NIGHTSTAND 2-SM 2-LG,"$182,00",9/01/2026,Nightstand,RUIDOSO
CACHINA NIGHTSTAND,"$172,00",9/01/2026,Nightstand,RUIDOSO
CHIHUAHUA NIGHTSTAND,"$118,00",9/01/2026,Nightstand,RUIDOSO
COW HIDE NIGHTSTAND,"$300,00",9/01/2026,Nightstand,RUIDOSO
CROSS NIGHTSTAND,"$115,00",9/01/2026,Nightstand,RUIDOSO
CROSS NIGHTSTAND 1-DWR,"$126,00",9/01/2026,Nightstand,RUIDOSO
FANCY TIN NIGHTSTAND,"$115,00",9/01/2026,Nightstand,RUIDOSO
FANCY TIN NIGHTSTAND 3 DRWS.,"$261,00",9/01/2026,Nightstand,RUIDOSO
FANCY TIN NIGHTSTAND 6 DRWS.,"$279,00",9/01/2026,Nightstand,RUIDOSO
GLASS & SLATTE NIGHTSTAND,"$132,00",9/01/2026,Nightstand,RUIDOSO
GLASS NIGHTSTAND,"$120,00",9/01/2026,Nightstand,RUIDOSO
HACIENDA NIGHTSTAND,"$241,00",9/01/2026,Nightstand,RUIDOSO
HONDO NIGHTSTAND,"$227,00",9/01/2026,Nightstand,RUIDOSO
MARIO'S NIGHTSTAND,"$76,00",9/01/2026,Nightstand,RUIDOSO
NAIL NIGHTSTAND,"$132,00",9/01/2026,Nightstand,RUIDOSO
NIGHTSTAND W/ STAR,"$138,00",9/01/2026,Nightstand,RUIDOSO
RAISE PANEL NIGHTSTAND,"$115,00",9/01/2026,Nightstand,RUIDOSO
RUSTIC 1-DWR NIGHTSTAND,"$165,00",9/01/2026,Nightstand,RUIDOSO
SPANISH NIGHTSTAND,"$182,00",9/01/2026,Nightstand,RUIDOSO
TWIG NIGHTSTAND,"$151,00",9/01/2026,Nightstand,RUIDOSO
WESTER NIGHTSTAND,"$132,00",9/01/2026,Nightstand,RUIDOSO
"48"" SANTA FE HUTCH","$565,00",9/01/2026,hutch's,RUIDOSO
"60"" SANTA FE HUTCH","$656,00",9/01/2026,hutch's,RUIDOSO
"72"" SANTA FE HUTCH","$803,00",9/01/2026,hutch's,RUIDOSO
TRASTERITO,"$220,00",9/01/2026,hutch's,RUIDOSO
TRASTERITO W/DOOR,"$220,00",9/01/2026,hutch's,RUIDOSO
CURIO HUTCH,"$207,00",9/01/2026,hutch's,RUIDOSO
DOUBLE CURIO HUTCH,"$281,00",9/01/2026,hutch's,RUIDOSO
SHAKER TIN HUTCH,"$755,00",9/01/2026,hutch's,RUIDOSO
6 DRW. TRASTERITO,"$239,00",9/01/2026,hutch's,RUIDOSO
SINGLE CD W/GLASS DOOR,"$195,00",9/01/2026,CD'S,RUIDOSO
DOUBLE CD W/GLASS DOOR,"$258,00",9/01/2026,CD'S,RUIDOSO
SINGLE CD W/IRON DOOR,"$198,00",9/01/2026,CD'S,RUIDOSO
DOUBLE CD W/IRON DOOR,"$297,00",9/01/2026,CD'S,RUIDOSO
SINGLE CD GLASS SHORT DOOR,"$117,00",9/01/2026,CD'S,RUIDOSO
TAOS CD W/GLASS DOOR,"$165,00",9/01/2026,CD'S,RUIDOSO
TAOS CD W/IRON DOOR,"$198,00",9/01/2026,CD'S,RUIDOSO
WESTER SINGLE CD,"$220,00",9/01/2026,CD'S,RUIDOSO
WESTER DOUBLE CD,"$303,00",9/01/2026,CD'S,RUIDOSO
WESTER DOUBLE CD W/IRON DOOR,"$334,00",9/01/2026,CD'S,RUIDOSO
1-DOOR SLATTE SIDEBOARD W/COOPER,"$248,00",9/01/2026,Sideboard,RUIDOSO
2-DOOR SLATTE SIDEBOARD W/COOPER,"$362,00",9/01/2026,Sideboard,RUIDOSO
3-DOOR SLATTE SIDEBOARD W/COOPER,"$519,00",9/01/2026,Sideboard,RUIDOSO
4-DOOR SLATTE SIDEBOARD W/COOPER,"$717,00",9/01/2026,Sideboard,RUIDOSO
5-DOOR SLATTE SIDEBOARD W/COOPER,"$834,00",9/01/2026,Sideboard,RUIDOSO
6-DOOR SLATTE SIDEBOARD W/COOPER,"$959,00",9/01/2026,Sideboard,RUIDOSO
2-DOOR SLATTE SIDEBOARD,"$262,00",9/01/2026,Sideboard,RUIDOSO
3-DOOR SLATTE SIDEBOARD,"$370,00",9/01/2026,Sideboard,RUIDOSO
4-DOOR SLATTE SIDEBOARD,"$517,00",9/01/2026,Sideboard,RUIDOSO
5-DOOR SLATTE SIDEBOARD,"$586,00",9/01/2026,Sideboard,RUIDOSO
6-DOOR SLATTE SIDEBOARD,"$658,00",9/01/2026,Sideboard,RUIDOSO
2 SLATTE SIDEBOARD W/FANCY TIN,"$273,00",9/01/2026,Sideboard,RUIDOSO
3 SLATTE SIDEBOARD W/FANCY TIN,"$389,00",9/01/2026,Sideboard,RUIDOSO
4 SLATTE SIDEBOARD W/FANCY TIN,"$542,00",9/01/2026,Sideboard,RUIDOSO
5 SLATTE SIDEBOARD W/FANCY TIN,"$616,00",9/01/2026,Sideboard,RUIDOSO
6 SLATTE SIDEBOARD W/FANCY TIN,"$696,00",9/01/2026,Sideboard,RUIDOSO
2 TILE SIDEBOARD W/FANCY TIN,"$279,00",9/01/2026,Sideboard,RUIDOSO
3 TILE SIDEBOARD W/FANCY TIN,"$368,00",9/01/2026,Sideboard,RUIDOSO
4 TILE SIDEBOARD W/FANCY TIN,"$457,00",9/01/2026,Sideboard,RUIDOSO
2-DOOR TILE SIDEBOARD,"$267,00",9/01/2026,Sideboard,RUIDOSO
3-DOOR TILE SIDEBOARD,"$350,00",9/01/2026,Sideboard,RUIDOSO
4-DOOR TILE SIDEBOARD,"$434,00",9/01/2026,Sideboard,RUIDOSO
5-DOOR TILE SIDEBOARD,"$517,00",9/01/2026,Sideboard,RUIDOSO
6-DOOR TILE SIDEBOARD,"$601,00",9/01/2026,Sideboard,RUIDOSO
5-DOOR SIDEBOARD SOLID TOP,"$586,00",9/01/2026,Sideboard,RUIDOSO
5-TILE SIDEBOARD (NO TILE),"$501,00",9/01/2026,Sideboard,RUIDOSO
6-DOOR SLATTE SIDEBOARD W/GLASS DOOR,"$693,00",9/01/2026,Sideboard,RUIDOSO
"36"" IRON BASE BUFFET W/DRWS","$297,00",9/01/2026,Buffet,RUIDOSO
"48"" IRON BASE BUFFET W/DRWS.","$336,00",9/01/2026,Buffet,RUIDOSO
"60"" IRON BASE BUFFET W/DRWS","$376,00",9/01/2026,Buffet,RUIDOSO
"72"" IRON BASE BUFFET W/DRWS.","$416,00",9/01/2026,Buffet,RUIDOSO
"48"" SANTA FE BUFFET","$351,00",9/01/2026,Buffet,RUIDOSO
"60"" SANTA FE BUFFET","$397,00",9/01/2026,Buffet,RUIDOSO
"72"" SANTA FE BUFFET","$451,00",9/01/2026,Buffet,RUIDOSO
6DRWS. BUFFET,"$376,00",9/01/2026,Buffet,RUIDOSO
BUFFET W/DRWS.,"$363,00",9/01/2026,Buffet,RUIDOSO
CACHINA BUFFEET,"$514,00",9/01/2026,Buffet,RUIDOSO
CHIHUAHUA BUFFET,"$253,00",9/01/2026,Buffet,RUIDOSO
MISSION BUFFET 3 DRWS.,"$408,00",9/01/2026,Buffet,RUIDOSO
MISSION BUFFET W/TOP,"$451,00",9/01/2026,Buffet,RUIDOSO
NAIL BUFFET,"$411,00",9/01/2026,Buffet,RUIDOSO
PUEBLA BUFFET,"$175,00",9/01/2026,Buffet,RUIDOSO
PUEBLA BUFFET W/IRONBASE,"$236,00",9/01/2026,Buffet,RUIDOSO
SHAKER BUFFET,"$370,00",9/01/2026,Buffet,RUIDOSO
SHAKER BUFFET XL,"$424,00",9/01/2026,Buffet,RUIDOSO
SM TWIG BUFFET 36X18X36,"$266,00",9/01/2026,Buffet,RUIDOSO
TAPER LEG'S BUFFET,"$174,00",9/01/2026,Buffet,RUIDOSO
"48"" CHILI JELLY","$102,00",9/01/2026,Jelly´s,RUIDOSO
"60"" CHILI JELLY","$132,00",9/01/2026,Jelly´s,RUIDOSO
"48"" CHILI DOUBLE JELLY","$198,00",9/01/2026,Jelly´s,RUIDOSO
"60"" CHILI DOUBLE JELLY","$270,00",9/01/2026,Jelly´s,RUIDOSO
"48"" TWIG JELLY CABINET","$181,00",9/01/2026,Jelly´s,RUIDOSO
"60"" TWIG JELLY CABINET","$194,00",9/01/2026,Jelly´s,RUIDOSO
"72"" TWIG JELLY CABINET","$290,00",9/01/2026,Jelly´s,RUIDOSO
"48"" WESTERN JELLY","$159,00",9/01/2026,Jelly´s,RUIDOSO
FANCY TIN SHORT JELLY,"$159,00",9/01/2026,Jelly´s,RUIDOSO
FANCY TIN TALL JELLY,"$198,00",9/01/2026,Jelly´s,RUIDOSO
DOUBLE FANCY TIN SHORT JELLY,"$304,00",9/01/2026,Jelly´s,RUIDOSO
DOUBLE FANCY TIN TALL JELLY,"$313,00",9/01/2026,Jelly´s,RUIDOSO
RUSTIC TIN SHORT JELLY,"$132,00",9/01/2026,Jelly´s,RUIDOSO
RUSTIC TIN TALL JELLY,"$155,00",9/01/2026,Jelly´s,RUIDOSO
CROSS SHORT JELLY,"$132,00",9/01/2026,Jelly´s,RUIDOSO
CROSS TALL JELLY,"$155,00",9/01/2026,Jelly´s,RUIDOSO
CROSS SHORT DOUBLE JELLY,"$198,00",9/01/2026,Jelly´s,RUIDOSO
CROSS TALL DOUBLE JELLY,"$267,00",9/01/2026,Jelly´s,RUIDOSO
ARCH TOP IRON BASE JELLY,"$209,00",9/01/2026,Jelly´s,RUIDOSO
ARCH SHORT JELLY,"$166,00",9/01/2026,Jelly´s,RUIDOSO
ARCH TALL CAVA,"$323,00",9/01/2026,Jelly´s,RUIDOSO
ARCH TALL JELLY,"$197,00",9/01/2026,Jelly´s,RUIDOSO
SHORT CACHINA JELLY,"$182,00",9/01/2026,Jelly´s,RUIDOSO
TALL CACHINA JELLY,"$210,00",9/01/2026,Jelly´s,RUIDOSO
DOUBLE CACHINA JELLY,"$327,00",9/01/2026,Jelly´s,RUIDOSO
CHIHUAHUA JELLY,"$132,00",9/01/2026,Jelly´s,RUIDOSO
CHIHUAHUA DOUBLE JELLY,"$198,00",9/01/2026,Jelly´s,RUIDOSO
SM TWIG JELLY CABINET,"$170,00",9/01/2026,Jelly´s,RUIDOSO
TWIG MICROWAVE,"$216,00",9/01/2026,Jelly´s,RUIDOSO
PIE SAFE,"$187,00",9/01/2026,Jelly´s,RUIDOSO
TALL PIE SAFE,"$270,00",9/01/2026,Jelly´s,RUIDOSO
8-PANEL TALL JELLY,"$267,00",9/01/2026,Jelly´s,RUIDOSO
"""X"" COFFEE 48X30X18","$251,00",9/01/2026,Coffee Tables,RUIDOSO
2 SLATTE X 3 SLATTE TIN COFFE,"$316,00",9/01/2026,Coffee Tables,RUIDOSO
2 X 3 FANCY IRON BASE COFFEE TABLE,"$396,00",9/01/2026,Coffee Tables,RUIDOSO
2 X 4 FANCY IRON BASE COFFEE TABLE,"$412,00",9/01/2026,Coffee Tables,RUIDOSO
2 X 4 FANCY TIN COFFEE TABLE,"$232,00",9/01/2026,Coffee Tables,RUIDOSO
4' X 4' FANCY TIN COFFEE TABLE,"$328,00",9/01/2026,Coffee Tables,RUIDOSO
"42"" X 42"" SLATTE COFFEE TABLE","$412,00",9/01/2026,Coffee Tables,RUIDOSO
COFFEE BULLET TABLE,"$210,00",9/01/2026,Coffee Tables,RUIDOSO
NAIL COFFEE TABLE,"$235,00",9/01/2026,Coffee Tables,RUIDOSO
OX YOKE SLATTE COFFEE TABLE,"$408,00",9/01/2026,Coffee Tables,RUIDOSO
SHADOW COFFEE TABLE,"$374,00",9/01/2026,Coffee Tables,RUIDOSO
TARAHUMARA OX YOKE COFFEE TABLE,"$224,00",9/01/2026,Coffee Tables,RUIDOSO
TASCATE COFFEE TABLE W/IRON BASE TURQ. INLAY,"$473,00",9/01/2026,Coffee Tables,RUIDOSO
"TURN LEGS ROUND COFFEE TABLE 38""","$308,00",9/01/2026,Coffee Tables,RUIDOSO
WALL TASCATE COFFEE TABLE INTAKE TURQ.,"$366,00",9/01/2026,Coffee Tables,RUIDOSO
"""X"" END TABLE 22X22X24","$129,00",9/01/2026,End Table,RUIDOSO
"22"" X 22"" FANCY TIN END TABLE W/SLATTE","$157,00",9/01/2026,End Table,RUIDOSO
"26"" X 26"" FANCY TIN END TABLE W/SLATTE","$162,00",9/01/2026,End Table,RUIDOSO
END BULLET TABLE,"$113,00",9/01/2026,End Table,RUIDOSO
END TABLE TWIG ALL SIDES 1-DOOR,"$163,00",9/01/2026,End Table,RUIDOSO
NAIL END TABLE,"$118,45",9/01/2026,End Table,RUIDOSO
OX YOKE END TABLE 24X24,"$118,00",9/01/2026,End Table,RUIDOSO
OX YOKE SLATTE END TABLE,"$217,00",9/01/2026,End Table,RUIDOSO
SHADOW END TABLE,"$254,00",9/01/2026,End Table,RUIDOSO
TARAHUMARA OX YOKE END TABLE,"$142,00",9/01/2026,End Table,RUIDOSO
TURN LEG END TABLE W/LACQUER,"$152,00",9/01/2026,End Table,RUIDOSO
WALL TASCATE END TABLE INTAKE TURQ.,"$201,00",9/01/2026,End Table,RUIDOSO
WALL TASCATE END TABLE INTAKE TURQ. IRONBASE,"$238,00",9/01/2026,End Table,RUIDOSO
WESTER STAR END TABLE,"$162,00",9/01/2026,End Table,RUIDOSO
"""X"" SOFA TABLE 60X16X30","$299,00",9/01/2026,Sofa Table,RUIDOSO
4 FANCY TIN SOFA TABLE,"$303,00",9/01/2026,Sofa Table,RUIDOSO
2 SLATTE FANCY TIN TABLE,"$230,00",9/01/2026,Sofa Table,RUIDOSO
3 SLATTE FANCY TIN SOFA TABLE,"$316,00",9/01/2026,Sofa Table,RUIDOSO
4 SLATTE FANCY TIN TABLE,"$362,00",9/01/2026,Sofa Table,RUIDOSO
2-SLATTE IRON BASE SOFA TABLE,"$224,00",9/01/2026,Sofa Table,RUIDOSO
3-SLATTE IRON BASE SOFA TABLE,"$304,00",9/01/2026,Sofa Table,RUIDOSO
4-SLATTE IRON BASE SOFA TABLE,"$250,00",9/01/2026,Sofa Table,RUIDOSO
2 SLATTE IRONBASE SOFA TABLE W/SHELF,"$235,00",9/01/2026,Sofa Table,RUIDOSO
3 SLATTE IRONBASE SOFA TABLE W/SHELF,"$322,00",9/01/2026,Sofa Table,RUIDOSO
4 SLATTE IRONBASE SOFA TABLE W/SHELF,"$373,00",9/01/2026,Sofa Table,RUIDOSO
5 SLATTE IRONBASE SOFA TABLE W/SHELF,"$425,00",9/01/2026,Sofa Table,RUIDOSO
6 SLATTE IRONBASE SOFA TABLE W/SHELF,"$471,00",9/01/2026,Sofa Table,RUIDOSO
3-SLATTE FANCY IRON BASE SOFA TABLE W/SHELF,"$339,00",9/01/2026,Sofa Table,RUIDOSO
4-SLATTE FANCY IRON BASE SOFA TABLE W/SHELF,"$391,00",9/01/2026,Sofa Table,RUIDOSO
5-SLATTE FANCY IRON BASE SOFA TABLE W/SHELF,"$338,00",9/01/2026,Sofa Table,RUIDOSO
2-SLATTE WESTER SOFA TABLE,"$270,00",9/01/2026,Sofa Table,RUIDOSO
3-SLATTE WESTER SOFA TABLE,"$304,00",9/01/2026,Sofa Table,RUIDOSO
4-SLATTE WESTER SOFA TABLE,"$350,00",9/01/2026,Sofa Table,RUIDOSO
2 TILE FANCY TIN SOFA TABLE,"$212,00",9/01/2026,Sofa Table,RUIDOSO
3 TILE FANCY TIN SOFA TABLE,"$258,00",9/01/2026,Sofa Table,RUIDOSO
2-TILE IRON BASE SOFA TABLE,"$212,00",9/01/2026,Sofa Table,RUIDOSO
3-TILE IRON BASE SOFA TABLE,"$253,00",9/01/2026,Sofa Table,RUIDOSO
4-TILE IRON BASE SOFA TABLE,"$299,00",9/01/2026,Sofa Table,RUIDOSO
5 TILE IRON BASE SOFA TABLE,"$339,00",9/01/2026,Sofa Table,RUIDOSO
2 TILE IRONBASE SOFA TABLE W/SHELF,"$230,00",9/01/2026,Sofa Table,RUIDOSO
3 TILE IRONBASE SOFA TABLE W/SHELF,"$316,00",9/01/2026,Sofa Table,RUIDOSO
4 TILE IRONBASE SOFA TABLE W/SHELF,"$368,00",9/01/2026,Sofa Table,RUIDOSO
5 TILE IRONBASE SOFA TABLE W/SHELF,"$414,00",9/01/2026,Sofa Table,RUIDOSO
2 SOLID TOP IRONBASE SOFA TABLE W/SHELF,"$224,00",9/01/2026,Sofa Table,RUIDOSO
3 SOLID TOP IRONBASE SOFA TABLE W/SHELF,"$304,00",9/01/2026,Sofa Table,RUIDOSO
4 SOLID TOP IRONBASE SOFA TABLE W/SHELF,"$350,00",9/01/2026,Sofa Table,RUIDOSO
4 FT. OX YOKE SOFA TABLE W/SLATTE,"$451,00",9/01/2026,Sofa Table,RUIDOSO
5 FT. OX YOKE SOFA TABLE W/SLATTE,"$411,00",9/01/2026,Sofa Table,RUIDOSO
HALF MOON SOFA TABLE,"$132,00",9/01/2026,Sofa Table,RUIDOSO
NAIL SOFA TABLE,"$258,00",9/01/2026,Sofa Table,RUIDOSO
SHADOW SOFA TABLE,"$373,00",9/01/2026,Sofa Table,RUIDOSO
TARAHUMARA OX YOKE SOFA TABLE,"$224,00",9/01/2026,Sofa Table,RUIDOSO
TURN LEGS SOFA TABLE,"$293,00",9/01/2026,Sofa Table,RUIDOSO
WALL TASCATE SOFA TABLE INTAKE TURQ.,"$368,00",9/01/2026,Sofa Table,RUIDOSO
WALL TASCATE SOFA TABLE INTAKE TURQ. IRONBASE,"$473,00",9/01/2026,Sofa Table,RUIDOSO
WESTER STAR SOFA TABLE,"$335,00",9/01/2026,Sofa Table,RUIDOSO
"18"" ARCH BOOKCASE","$195,00",9/01/2026,Bookcases,RUIDOSO
"24"" ARCH BOOKCASE","$230,00",9/01/2026,Bookcases,RUIDOSO
"30"" ARCH BOOKCASE","$247,00",9/01/2026,Bookcases,RUIDOSO
"36"" ARCH BOOKCASE","$264,00",9/01/2026,Bookcases,RUIDOSO
"48"" ARCH BOOKCASE","$287,00",9/01/2026,Bookcases,RUIDOSO
"18"" CURIO BOOKCASE","$132,00",9/01/2026,Bookcases,RUIDOSO
"24"" CURIO BOOKCASE","$155,00",9/01/2026,Bookcases,RUIDOSO
"30"" CURIO BOOKCASE","$172,00",9/01/2026,Bookcases,RUIDOSO
"36"" CURIO BOOKCASE","$195,00",9/01/2026,Bookcases,RUIDOSO
"36'X 36""CURIO BOOKCASE","$103,00",9/01/2026,Bookcases,RUIDOSO
"48"" CURIO BOOKCASE","$235,00",9/01/2026,Bookcases,RUIDOSO
"18"" DENTAL BOOKCASE","$143,00",9/01/2026,Bookcases,RUIDOSO
"24"" DENTAL BOOKCASE","$166,00",9/01/2026,Bookcases,RUIDOSO
"30"" DENTAL BOOKCASE","$189,00",9/01/2026,Bookcases,RUIDOSO
"36"" DENTAL BOOKCASE","$207,00",9/01/2026,Bookcases,RUIDOSO
"48"" DENTAL BOOKCASE","$247,00",9/01/2026,Bookcases,RUIDOSO
"18"" DOME BOOKCASE","$166,00",9/01/2026,Bookcases,RUIDOSO
"24"" DOME BOOKCASE","$195,00",9/01/2026,Bookcases,RUIDOSO
"30"" DOME BOOKCASE","$230,00",9/01/2026,Bookcases,RUIDOSO
"36"" DOME BOOKCASE","$241,00",9/01/2026,Bookcases,RUIDOSO
"48"" DOME BOOKCASE","$287,00",9/01/2026,Bookcases,RUIDOSO
"18"" SIERRA BOOKCASE","$138,00",9/01/2026,Bookcases,RUIDOSO
"24"" SIERRA BOOKCASE","$161,00",9/01/2026,Bookcases,RUIDOSO
"30"" SIERRA BOOKCASE","$184,00",9/01/2026,Bookcases,RUIDOSO
"36"" SIERRA BOOKCASE","$212,00",9/01/2026,Bookcases,RUIDOSO
"48"" SIERRA BOOKCASE","$247,00",9/01/2026,Bookcases,RUIDOSO
"18"" OX YOKE BOOKCASE","$197,00",9/01/2026,Bookcases,RUIDOSO
"24"" OX YOKE BOOKCASE","$230,00",9/01/2026,Bookcases,RUIDOSO
"36"" OX YOKE BOOKCASE","$258,00",9/01/2026,Bookcases,RUIDOSO
"48"" OX YOKE BOOKCASE","$287,00",9/01/2026,Bookcases,RUIDOSO
"18"" TWIG BOOKCASE","$135,00",9/01/2026,Bookcases,RUIDOSO
"24"" TWIG BOOKCASE","$144,00",9/01/2026,Bookcases,RUIDOSO
"36"" TWIG BOOKCASE","$149,00",9/01/2026,Bookcases,RUIDOSO
"48"" TWIG BOOKCASE","$215,00",9/01/2026,Bookcases,RUIDOSO
BOOKCASE SIMPLE 60X15X36,"$184,00",9/01/2026,Bookcases,RUIDOSO
BOOKCASE SIMPLE 60X15X48,"$184,00",9/01/2026,Bookcases,RUIDOSO
CHIHUAHUA BOOKCASE,"$333,50",9/01/2026,Bookcases,RUIDOSO
SHORT BOOK ZUNI,"$126,00",9/01/2026,Bookcases,RUIDOSO
"TARAHUMARA BOOKCASE 30""","$166,00",9/01/2026,Bookcases,RUIDOSO
"TARAHUMARA BOOKCASE 36""","$184,00",9/01/2026,Bookcases,RUIDOSO
"TARAHUMARA BOOKCASE 48""","$241,00",9/01/2026,Bookcases,RUIDOSO
"42"" IRON BASE ARMOIRE","$529,00",9/01/2026,Armories,RUIDOSO
"48"" IRON BASE ARMOIRE","$569,00",9/01/2026,Armories,RUIDOSO
4-DWR WARDROBE ARMOIRE 2-DOOR,"$575,00",9/01/2026,Armories,RUIDOSO
5-DWR WARDROBE ARMOIRE,"$494,00",9/01/2026,Armories,RUIDOSO
5-DWR WARDROBE ARMOIRE 2-DOOR,"$471,00",9/01/2026,Armories,RUIDOSO
CACHINA ARMOIRE,"$586,00",9/01/2026,Armories,RUIDOSO
"CROSS ARMOIRE 22"" DEEP","$448,00",9/01/2026,Armories,RUIDOSO
"FANCY TIN ARMOIRE 22"" DEEP","$448,00",9/01/2026,Armories,RUIDOSO
HONDO COMPLETE BED QS,"$1.040,00",9/01/2026,Armories,RUIDOSO
RAISE PANEL ARMOIRE 44X22X72,"$575,00",9/01/2026,Armories,RUIDOSO
TWIG ARMOIRE,"$343,00",9/01/2026,Armories,RUIDOSO
BAKARU HEADBOARD TWIN,"$316,00",9/01/2026,headboard & beds,RUIDOSO
BAKARU HEADBOARD KING,"$431,00",9/01/2026,headboard & beds,RUIDOSO
BAKARU HEADBOARD QUEEN,"$373,00",9/01/2026,headboard & beds,RUIDOSO
CACHINA QUEEN BED,"$0,00",9/01/2026,headboard & beds,RUIDOSO
CACHINA QUEEN HEADBOARD,"$373,00",9/01/2026,headboard & beds,RUIDOSO
CONCHOS MIRROR,"$166,00",9/01/2026,headboard & beds,RUIDOSO
COW BOY HEADBOARD,"$396,00",9/01/2026,headboard & beds,RUIDOSO
COWHIDE CUT OUT KING BED,"$1.495,00",9/01/2026,headboard & beds,RUIDOSO
COWHIDE CUT OUT QUEEN BED,"$1.437,00",9/01/2026,headboard & beds,RUIDOSO
COWHIDE KING BED,"$1.495,00",9/01/2026,headboard & beds,RUIDOSO
COWHIDE QUEEN BED,"$1.437,00",9/01/2026,headboard & beds,RUIDOSO
HACIENDA CHEST,"$891,00",9/01/2026,headboard & beds,RUIDOSO
HACIENDA KS BED,"$1.167,00",9/01/2026,headboard & beds,RUIDOSO
HB HONDO KS,"$609,00",9/01/2026,headboard & beds,RUIDOSO
HB/FB PUEBLO COMPLETE BED KS,"$661,00",9/01/2026,headboard & beds,RUIDOSO
HB/FB PUEBLO COMPLETE BED QS,"$586,00",9/01/2026,headboard & beds,RUIDOSO
HONDO COMPLETE BED,"$1.098,00",9/01/2026,headboard & beds,RUIDOSO
HONDO MIRROR,"$138,00",9/01/2026,headboard & beds,RUIDOSO
PUEBLO HEADBOARD FULL,"$258,00",9/01/2026,headboard & beds,RUIDOSO
PUEBLO HEADBOARD KING,"$327,00",9/01/2026,headboard & beds,RUIDOSO
PUEBLO HEADBOARD QUEEN,"$299,00",9/01/2026,headboard & beds,RUIDOSO
QUEEN HEADBOARD W/PANELS,"$270,00",9/01/2026,headboard & beds,RUIDOSO
3 DWR CHEST,"$230,00",9/01/2026,"dresser's, chest & mirror",RUIDOSO
4-DWR CHEST 2-SM 2-LG,"$258,00",9/01/2026,"dresser's, chest & mirror",RUIDOSO
5-DWR CHEST 2-SM 3-LG,"$356,00",9/01/2026,"dresser's, chest & mirror",RUIDOSO
6-DWR DRESSER,"$460,00",9/01/2026,"dresser's, chest & mirror",RUIDOSO
7-DWR DRESSER,"$483,00",9/01/2026,"dresser's, chest & mirror",RUIDOSO
COWHIDE CHEST,"$856,00",9/01/2026,"dresser's, chest & mirror",RUIDOSO
COWHIDE DRESSER NO MIRROR,"$925,00",9/01/2026,"dresser's, chest & mirror",RUIDOSO
COWHIDE DRESSER W/MIRROR,"$1.017,00",9/01/2026,"dresser's, chest & mirror",RUIDOSO
COWHIDE MIRROR,"$155,00",9/01/2026,"dresser's, chest & mirror",RUIDOSO
HACIENDA DRESSER,"$960,00",9/01/2026,"dresser's, chest & mirror",RUIDOSO
HONDO CHEST 6 DWR 2-SM 4-LG,"$500,00",9/01/2026,"dresser's, chest & mirror",RUIDOSO
HONDO DRESSER 6-DWR,"$745,00",9/01/2026,"dresser's, chest & mirror",RUIDOSO
HONDO DRESSER 7 DWR,"$828,00",9/01/2026,"dresser's, chest & mirror",RUIDOSO
CHEST LINGERIE 5 DRW.,"$216,00",9/01/2026,"dresser's, chest & mirror",RUIDOSO
CHEST LINGERIE 5 DRWS 2-SM 3-LG,"$310,00",9/01/2026,"dresser's, chest & mirror",RUIDOSO
"36"" ROSETTE BENCH","$161,00",9/01/2026,Bench,RUIDOSO
"48"" ROSETTE BENCH","$166,00",9/01/2026,Bench,RUIDOSO
"60"" ROSETTE BENCH","$178,00",9/01/2026,Bench,RUIDOSO
"48"" CORONA BENCH","$322,00",9/01/2026,Bench,RUIDOSO
"60"" CORONA BENCH","$339,00",9/01/2026,Bench,RUIDOSO
"72"" CORONA BENCH","$362,00",9/01/2026,Bench,RUIDOSO
BENCH TASCATE INLAY 48X20X18,"$250,00",9/01/2026,Bench,RUIDOSO
BENCH TASCATE INLAY 60X20X18,"$266,00",9/01/2026,Bench,RUIDOSO
BENCH TASCATE INLAY 72X20X18,"$316,00",9/01/2026,Bench,RUIDOSO
BUTT BENCH 1-SEAT,"$51,00",9/01/2026,Bench,RUIDOSO
BUTT BENCH 2-SEAT,"$69,00",9/01/2026,Bench,RUIDOSO
BUTT BENCH 3-SEAT,"$86,00",9/01/2026,Bench,RUIDOSO
BUTT BENCH 4-SEAT,"$103,00",9/01/2026,Bench,RUIDOSO
COW HIDE BENCH,"$396,00",9/01/2026,Bench,RUIDOSO
OLD DOOR BENCH LARGE,"$333,00",9/01/2026,Bench,RUIDOSO
3 DRW. BENCH,"$230,00",9/01/2026,Bench,RUIDOSO
39X16X18 BENCH W/LEATHER (CACHINA),"$258,00",9/01/2026,Bench,RUIDOSO
"48"" TARAHUMARA BENCH","$166,00",9/01/2026,Bench,RUIDOSO
"54""OX YOKE BENCH W/LEATHER","$327,00",9/01/2026,Bench,RUIDOSO
"60"" CROOS BENCH","$327,00",9/01/2026,Bench,RUIDOSO
8 FT. TASCATE BENCH TURQ. INLAY,"$385,00",9/01/2026,Bench,RUIDOSO
IRON BASE DESK,"$299,00",9/01/2026,Desk,RUIDOSO
"IRON BASE DESK 18"" DEEP","$253,00",9/01/2026,Desk,RUIDOSO
"IRON BASE DESK 24"" DEEP","$276,00",9/01/2026,Desk,RUIDOSO
3-DWR IRON BASE DESK,"$339,00",9/01/2026,Desk,RUIDOSO
5-DWR IRON BASE DESK,"$396,00",9/01/2026,Desk,RUIDOSO
"SPINDEL DESK 36""","$172,00",9/01/2026,Desk,RUIDOSO
"SPINDEL DESK 48""","$195,00",9/01/2026,Desk,RUIDOSO
"2-DWR SPINDEL DESK 48""","$299,00",9/01/2026,Desk,RUIDOSO
"54"" RUSTIC SIERRA DESK","$241,00",9/01/2026,Desk,RUIDOSO
"60"" RUSTIC SIERRA DESK","$270,00",9/01/2026,Desk,RUIDOSO
COWHIDE EXECUTIVE DESK,"$960,00",9/01/2026,Desk,RUIDOSO
COWHIDE FILE CABINET 3 DRWS,"$408,00",9/01/2026,Desk,RUIDOSO
JR. COWHIDE DESK,"$533,00",9/01/2026,Desk,RUIDOSO
JR. WESTERN DESK,"$460,00",9/01/2026,Desk,RUIDOSO
SECRETARY DESK,"$391,00",9/01/2026,Desk,RUIDOSO
WESTER EXECUTIVE DESK,"$787,00",9/01/2026,Desk,RUIDOSO
MEZCALERO CACHINA CHAIR W/LEATHER,"$178,00",9/01/2026,Chairs,RUIDOSO
MEZCALERO CHAIR W/COOPER & LEATHER,"$161,00",9/01/2026,Chairs,RUIDOSO
MEZCALERO CHAIR W/COOPER WOOD SEAT,"$115,00",9/01/2026,Chairs,RUIDOSO
MEZCALERO CHAIR W/LEATHER,"$138,00",9/01/2026,Chairs,RUIDOSO
MEZCALERO CHAIR W/WRAPPED LEATHER,"$161,00",9/01/2026,Chairs,RUIDOSO
MEZCALERO CURVE CACHINA STRIP CHAIR W/LEATHER,"$138,00",9/01/2026,Chairs,RUIDOSO
RICARDO ARM CHAIR,"$92,00",9/01/2026,Chairs,RUIDOSO
RICARDO CHAIR,"$80,00",9/01/2026,Chairs,RUIDOSO
RICARDO CHAIR W/LACQUER,"$92,00",9/01/2026,Chairs,RUIDOSO
RUSTIC CHAIR,"$92,00",9/01/2026,Chairs,RUIDOSO
RUSTIC CHAIR W/LEATHER,"$138,00",9/01/2026,Chairs,RUIDOSO
SOUTHWEST CHAIR,"$120,00",9/01/2026,Chairs,RUIDOSO
SOUTHWEST CHAIR W/LEATHER,"$161,00",9/01/2026,Chairs,RUIDOSO
TASCATE CHAIR W/LEATHER TURQ. INLAY,"$224,00",9/01/2026,Chairs,RUIDOSO
TASCATE CHAIR W/WRAPPED LEATHER,"$161,00",9/01/2026,Chairs,RUIDOSO
COLONIAL CHAIR W/LEATHER,"$126,00",9/01/2026,Chairs,RUIDOSO
COLONIAL CHAIR WOOD SEAT,"$80,00",9/01/2026,Chairs,RUIDOSO
FIERRO OX YOKE LEATHER SEAT,"$155,00",9/01/2026,Chairs,RUIDOSO
FIERRO OX YOKE WOOD SEAT,"$126,00",9/01/2026,Chairs,RUIDOSO
OX YOKE CHAIR,"$120,00",9/01/2026,Chairs,RUIDOSO
OX YOKE CHAIR W/LEATHER,"$145,00",9/01/2026,Chairs,RUIDOSO
JUAREZ YOKE TOOLED CHAIR W/LACQUER,"$304,00",9/01/2026,Chairs,RUIDOSO
CHAIR FOR DESK,"$103,00",9/01/2026,Chairs,RUIDOSO
CORONA CHAIR,"$80,00",9/01/2026,Chairs,RUIDOSO
COWHIDE CHAIR FOR DESK,"$132,00",9/01/2026,Chairs,RUIDOSO
CURVE MEZCALERO CHAIR,"$86,00",9/01/2026,Chairs,RUIDOSO
MEXICAN CHAIR,"$103,00",9/01/2026,Chairs,RUIDOSO
OFFICE CHAIR,"$546,00",9/01/2026,Chairs,RUIDOSO
PLAIN CHAIR,"$69,00",9/01/2026,Chairs,RUIDOSO
ROSETTA CURVE BACK CHAIR W/LEATHER,"$161,00",9/01/2026,Chairs,RUIDOSO
TURN LEGS WESTERN CHAIR,"$103,00",9/01/2026,Chairs,RUIDOSO
WINGBACK CHAIR,"$546,00",9/01/2026,Chairs,RUIDOSO
"24"" STOOLS W/LEATHER","$109,00",9/01/2026,Barstools,RUIDOSO
"30"" STOOLS W/LEATHER","$109,00",9/01/2026,Barstools,RUIDOSO
"PLAIN BARSTOOL 24""","$69,00",9/01/2026,Barstools,RUIDOSO
"PLAIN BARSTOOL 26""","$87,00",9/01/2026,Barstools,RUIDOSO
"PLAIN BARSTOOL 30""","$69,00",9/01/2026,Barstools,RUIDOSO
PLAIN CURVE BACK BARSTOOL,"$0,00",9/01/2026,Barstools,RUIDOSO
PLAIN CURVE STOOL,"$89,00",9/01/2026,Barstools,RUIDOSO
"26"" PLAIN BARSTOOL W/LACQUER","$86,00",9/01/2026,Barstools,RUIDOSO
MEXICAN BARSTOOL,"$103,00",9/01/2026,Barstools,RUIDOSO
"MEXICAN BARSTOOL 30""","$103,00",9/01/2026,Barstools,RUIDOSO
"HARLEY BARSTOOLS 26""","$138,00",9/01/2026,Barstools,RUIDOSO
"HARLEY BARSTOOLS 30""","$138,00",9/01/2026,Barstools,RUIDOSO
CORONA BARSTOOL 26'',"$80,00",9/01/2026,Barstools,RUIDOSO
"CORONA BARSTOOL 30""","$80,00",9/01/2026,Barstools,RUIDOSO
26' NEW COWBOY BARSTOOL,"$132,00",9/01/2026,Barstools,RUIDOSO
6 FT RUSTIC TABLE,"$471,00",9/01/2026,Barstools,RUIDOSO
"BUDWEISER BARSTOOL 30""","$86,00",9/01/2026,Barstools,RUIDOSO
COWHIDE SWIVEL BARSTOOL,"$276,00",9/01/2026,Barstools,RUIDOSO
IRONBASE BARSTOOL TOOLED LEATH. SEAT,"$184,00",9/01/2026,Barstools,RUIDOSO
"MEZCALERO BARSTOOL 24"" W/COOPER","$155,00",9/01/2026,Barstools,RUIDOSO
TAOS BARSTOOL,"$80,00",9/01/2026,Barstools,RUIDOSO
TASCATE BARSTOOL W/WRAPPED LEATHER,"$161,00",9/01/2026,Barstools,RUIDOSO
"TECATE BARSTOOL 30""","$80,00",9/01/2026,Barstools,RUIDOSO
TWIST BARSTOOL IRON BLACK,"$97,00",9/01/2026,Barstools,RUIDOSO
"XX LAGER BARSTOOL 30""","$86,00",9/01/2026,Barstools,RUIDOSO
42X42 DINING TABLE,"$385,00",9/01/2026,Tables and islands,RUIDOSO
"DINING TABLE 60""","$460,00",9/01/2026,Tables and islands,RUIDOSO
"DINING TABLE 72""","$494,00",9/01/2026,Tables and islands,RUIDOSO
"DINING TABLE 84""","$529,00",9/01/2026,Tables and islands,RUIDOSO
OX YOKE DINING TABLE 6 FT,"$678,00",9/01/2026,Tables and islands,RUIDOSO
OX YOKE DINING TABLE 7FT.,"$713,00",9/01/2026,Tables and islands,RUIDOSO
OX YOKE SLATTE DINING TABLE 6 FT.,"$644,00",9/01/2026,Tables and islands,RUIDOSO
OX YOKE SLATTE DINING TABLE 7 FT.,"$690,00",9/01/2026,Tables and islands,RUIDOSO
5 FT. ROUND OX YOKE DINING W/PEDESTAL,"$690,00",9/01/2026,Tables and islands,RUIDOSO
REAL SLATE DINING TABLE 6',"$586,00",9/01/2026,Tables and islands,RUIDOSO
REAL SLATE DINING TABLE 7'',"$632,00",9/01/2026,Tables and islands,RUIDOSO
REAL SLATTE DINING TABLE 5',"$540,00",9/01/2026,Tables and islands,RUIDOSO
REAL SLATTE DINING TABLE 8',"$684,00",9/01/2026,Tables and islands,RUIDOSO
REAL SLATTE DINING TABLE 9',"$736,00",9/01/2026,Tables and islands,RUIDOSO
"SOUTHWEST SLATTE DINING TABLE 72""","$644,00",9/01/2026,Tables and islands,RUIDOSO
"SOUTHWEST SLATTE DINING TABLE 84""","$690,00",9/01/2026,Tables and islands,RUIDOSO
TERRACOTA KITCHEN ISLAND (4-tile),"$414,00",9/01/2026,Tables and islands,RUIDOSO
TERRACOTA KITCHEN ISLAND (6-tile),"$534,00",9/01/2026,Tables and islands,RUIDOSO
6 FT. TASCATE DINING TALE TURQ. INLAY,"$770,00",9/01/2026,Tables and islands,RUIDOSO
7 FT. TASCATE DINING TABLE TURQ. INLAY,"$805,00",9/01/2026,Tables and islands,RUIDOSO
8 FT. TASCATE DINING TABLE TURQ. INLAY,"$833,00",9/01/2026,Tables and islands,RUIDOSO
6 FT. DOUBLE PEDESTAL DINING TABLE,"$540,00",9/01/2026,Tables and islands,RUIDOSO
7 FT. DOUBLE PEDESTAL DINING TABLE,"$609,00",9/01/2026,Tables and islands,RUIDOSO
8 FT. DOUBLE PEDESTAL DINING TABLE,"$678,00",9/01/2026,Tables and islands,RUIDOSO
9 FT. DOUBLE PEDESTAL DINING TABLE,"$747,00",9/01/2026,Tables and islands,RUIDOSO
10 FT DOUBLE PEDESTAL DINING TABLE,"$816,00",9/01/2026,Tables and islands,RUIDOSO
6 FT RUSTIC TABLE,"$471,00",9/01/2026,Tables and islands,RUIDOSO
7 FT. RUSTIC TABLE,"$511,00",9/01/2026,Tables and islands,RUIDOSO
8 FT. RUSTIC TABLE,"$540,00",9/01/2026,Tables and islands,RUIDOSO
9 FT. RUSTIC TABLE,"$575,00",9/01/2026,Tables and islands,RUIDOSO
10 FT. RUSTIC TABLE,"$609,00",9/01/2026,Tables and islands,RUIDOSO
"48"" RUSTIC ROUND TABLE","$799,00",9/01/2026,Tables and islands,RUIDOSO
"60"" RUSTIC ROUND TABLE","$847,00",9/01/2026,Tables and islands,RUIDOSO
40X40 SQUARE TURN LEG SMALL DINING TABLE,"$419,00",9/01/2026,Tables and islands,RUIDOSO
"42"" ROUND DINING PEDESTAL TURN LEG","$350,00",9/01/2026,Tables and islands,RUIDOSO
5 X 5 SLATTE DINING TABLE,"$586,00",9/01/2026,Tables and islands,RUIDOSO
"60"" CACHINA DINING TABLE","$511,00",9/01/2026,Tables and islands,RUIDOSO
60X60 DINING TABLE,"$483,00",9/01/2026,Tables and islands,RUIDOSO
CORONA DINING TABLE,"$258,00",9/01/2026,Tables and islands,RUIDOSO
DINING TURNLEG 7',"$460,00",9/01/2026,Tables and islands,RUIDOSO
PLAIN BISTRO RECTANGLE,"$356,00",9/01/2026,Bistros,RUIDOSO
PLAIN BISTRO RECTANGLE W/LACQUER,"$391,00",9/01/2026,Bistros,RUIDOSO
PLAIN BISTRO TABLE,"$258,00",9/01/2026,Bistros,RUIDOSO
"42"" TALL PLAIN BISTRO TABLE","$247,00",9/01/2026,Bistros,RUIDOSO
"60"" PLAIN BISTRO STARIGHT LEG","$372,00",9/01/2026,Bistros,RUIDOSO
36X36 BISTRO SQUARE,"$258,00",9/01/2026,Bistros,RUIDOSO
CORONA BISTRO TABLE,"$253,00",9/01/2026,Bistros,RUIDOSO
HARLEY BISTRO TABLE,"$287,00",9/01/2026,Bistros,RUIDOSO
MEXICAN BISTRO TABLE,"$408,00",9/01/2026,Bistros,RUIDOSO
STAR BISTRO TABLE,"$264,00",9/01/2026,Bistros,RUIDOSO
TASCATE PLAIN BISTRO RECTANGLE TURQ. INLAY,"$494,00",9/01/2026,Bistros,RUIDOSO
"48"" CORONA BAR","$511,00",9/01/2026,Bars,RUIDOSO
"48"" HARLEY BAR","$609,00",9/01/2026,Bars,RUIDOSO
"48"" MEXICAN BAR","$511,00",9/01/2026,Bars,RUIDOSO
"48"" PLAIN BAR","$483,00",9/01/2026,Bars,RUIDOSO
"48"" PLAIN BAR W/SLATTE","$552,00",9/01/2026,Bars,RUIDOSO
"48"" TECATE BAR","$517,00",9/01/2026,Bars,RUIDOSO
"48"" XX LAGER BAR","$609,00",9/01/2026,Bars,RUIDOSO
"60"" PLAIN BAR","$529,00",9/01/2026,Bars,RUIDOSO
"60"" PLAIN BAR W/SLATTE","$598,00",9/01/2026,Bars,RUIDOSO
"72"" BUDWEISER BAR","$626,00",9/01/2026,Bars,RUIDOSO
"72"" CORONA BAR","$603,00",9/01/2026,Bars,RUIDOSO
"72"" HARLEY BAR","$695,00",9/01/2026,Bars,RUIDOSO
"72"" MEXICAN BAR","$598,00",9/01/2026,Bars,RUIDOSO
"72"" PLAIN BAR","$569,00",9/01/2026,Bars,RUIDOSO
"72"" PLAIN BAR W/SLATTE","$644,00",9/01/2026,Bars,RUIDOSO
"72"" PLAIN BAR W/TILE","$621,00",9/01/2026,Bars,RUIDOSO
"72"" TECATE BAR","$598,00",9/01/2026,Bars,RUIDOSO
"72"" XX LAGER BAR","$736,00",9/01/2026,Bars,RUIDOSO
7FT. SIERRA BAR,"$874,00",9/01/2026,Bars,RUIDOSO
4 FT. SIERRA TV STAND,"$281,00",9/01/2026,Tv stand,RUIDOSO
5 FT. SIERRA TV STAND,"$293,00",9/01/2026,Tv stand,RUIDOSO
6 FT. SIERRA TV STAND,"$304,00",9/01/2026,Tv stand,RUIDOSO
8 FT. SIERRA TV STAND,"$379,00",9/01/2026,Tv stand,RUIDOSO
"60"" TV STAND FANCY TIN","$445,00",9/01/2026,Tv stand,RUIDOSO
"72"" TV STAND FANCY TIN","$485,00",9/01/2026,Tv stand,RUIDOSO
TV STAND W/FANCY TIN 42X13X30,"$293,00",9/01/2026,Tv stand,RUIDOSO
"48"" TWIG TV-STAND","$299,00",9/01/2026,Tv stand,RUIDOSO
"60"" TWIG TV-STAND","$299,00",9/01/2026,Tv stand,RUIDOSO
"72"" TWIG TV-STAND","$356,00",9/01/2026,Tv stand,RUIDOSO
"60"" TV-CONSOLE W/COOPER","$477,00",9/01/2026,Tv stand,RUIDOSO
"72"" TV-CONSOLE W/COOPER","$511,00",9/01/2026,Tv stand,RUIDOSO
"60"" TV-CONSOLE W/GLASS","$391,00",9/01/2026,Tv stand,RUIDOSO
"72"" TV-CONSOLE W/GLASS","$408,00",9/01/2026,Tv stand,RUIDOSO
"60"" TV-CONSOLE","$379,00",9/01/2026,Tv stand,RUIDOSO
"72"" TV-CONSOLE","$408,00",9/01/2026,Tv stand,RUIDOSO
"60"" HACIENDA TV-CONSOLE","$477,00",9/01/2026,Tv stand,RUIDOSO
"72"" HACIENDA TV-CONSOLE","$511,00",9/01/2026,Tv stand,RUIDOSO
TV/VCR CACHINA BORDER (NO CACHINA),"$276,00",9/01/2026,Tv stand,RUIDOSO
TV/VCR STAND 60X18X30,"$408,00",9/01/2026,Tv stand,RUIDOSO
TV/VCR STAND 60X18X36,"$419,00",9/01/2026,Tv stand,RUIDOSO
TV/VCR STAND W/ROPE 42X13X30,"$258,00",9/01/2026,Tv stand,RUIDOSO
TV-VCR STAND GLASS 60X18X36,"$391,00",9/01/2026,Tv stand,RUIDOSO
TV STAND CACHINA BORDER,"$391,00",9/01/2026,Tv stand,RUIDOSO
48X12X32 TV TARAHUMARA,"$258,00",9/01/2026,Tv stand,RUIDOSO
12X12 MARIO'S TABLE,"$63,00",9/01/2026,Varios,RUIDOSO
12X24 MARIO'S TABLE,"$74,00",9/01/2026,Varios,RUIDOSO
12X36 MARIO'S TABLE,"$92,00",9/01/2026,Varios,RUIDOSO
12X48 MARIO'S TABLE,"$109,00",9/01/2026,Varios,RUIDOSO
16X16 MARIO'S TABLE,"$74,00",9/01/2026,Varios,RUIDOSO
16X24 MARIO'S TABLE,"$92,00",9/01/2026,Varios,RUIDOSO
16X36 MARIO'S TABLE,"$109,00",9/01/2026,Varios,RUIDOSO
16X48 MARIO'S TABLE,"$132,00",9/01/2026,Varios,RUIDOSO
COOLER,"$276,00",9/01/2026,Varios,RUIDOSO
CURIO CORNER CAB.,"$155,00",9/01/2026,Varios,RUIDOSO
MED.CORNER CAB.,"$281,00",9/01/2026,Varios,RUIDOSO
SMALL COOLER,"$241,00",9/01/2026,Varios,RUIDOSO
TALL CORNER CAB.,"$442,00",9/01/2026,Varios,RUIDOSO
11X11 MARIO'S TABLE,"$55,00",9/01/2026,Varios,RUIDOSO
11X36 MARIO'S TABLE,"$80,00",9/01/2026,Varios,RUIDOSO
"15"" LAMP SHAKES","$35,00",9/01/2026,siso,RUIDOSO
"18"" LAMP SHAKES","$43,00",9/01/2026,siso,RUIDOSO
"20"" LAMP SHAKES","$49,00",9/01/2026,siso,RUIDOSO
"24"" LAMP SHAKES","$58,00",9/01/2026,siso,RUIDOSO
2 FT. TARAHUMARA LADDER W/LEATHER,"$35,00",9/01/2026,siso,RUIDOSO
3 FT. TARAHUMARA LADDER W/LEATHER,"$55,00",9/01/2026,siso,RUIDOSO
4 FT. TARAHUMARA LADDER W/LEATHER,"$75,00",9/01/2026,siso,RUIDOSO
7 FT. TARAHUMARA LADDER W/LEATHER,"$128,00",9/01/2026,siso,RUIDOSO
"36"" COOPER TOP","$603,00",9/01/2026,siso,RUIDOSO
"48"" COOPER TOP","$700,00",9/01/2026,siso,RUIDOSO
"60"" COOPER TOP","$1.006,00",9/01/2026,siso,RUIDOSO
LADDER 2',"$11,00",9/01/2026,siso,RUIDOSO
LADDER 3',"$16,00",9/01/2026,siso,RUIDOSO
LADDER 4',"$23,00",9/01/2026,siso,RUIDOSO
LADDER 5',"$28,00",9/01/2026,siso,RUIDOSO
LADDER 6',"$34,00",9/01/2026,siso,RUIDOSO
LADDER 7',"$41,00",9/01/2026,siso,RUIDOSO
LADDER 8',"$46,00",9/01/2026,siso,RUIDOSO
SUGAR MOULDING BASE,"$6,00",9/01/2026,siso,RUIDOSO
SUGAR MOULDING 2,"$6,00",9/01/2026,siso,RUIDOSO
SUGAR MOULDING 3,"$9,00",9/01/2026,siso,RUIDOSO
SUGAR MOULDING 4,"$11,00",9/01/2026,siso,RUIDOSO
SUGAR MOULDING 5,"$14,00",9/01/2026,siso,RUIDOSO
SUGAR MOULDING 6,"$17,00",9/01/2026,siso,RUIDOSO
SUGAR MOULDING 7,"$20,00",9/01/2026,siso,RUIDOSO
SUGAR MOULDING 8,"$24,00",9/01/2026,siso,RUIDOSO
SUGAR MOULDING 9,"$27,00",9/01/2026,siso,RUIDOSO
SUGAR MOULDING 10,"$29,00",9/01/2026,siso,RUIDOSO
SUGAR MOULDING 11,"$32,00",9/01/2026,siso,RUIDOSO
SUGAR MOULDING 12,"$35,00",9/01/2026,siso,RUIDOSO
CABINET LINEN 4' CROSS 36X13X48,"$201,00",9/01/2026,siso,RUIDOSO
CABINET LINEN 4' CROSS 36X18X48,"$230,00",9/01/2026,siso,RUIDOSO
CABINET LINEN 4' FANCY TIN 36X13X48,"$241,00",9/01/2026,siso,RUIDOSO
CABINET LINEN 4' FANCY TIN 36X18X48,"$276,00",9/01/2026,siso,RUIDOSO
CABINET LINEN 4' RUSTIC TIN 36X16X48,"$207,00",9/01/2026,siso,RUIDOSO
CABINET LINEN 5' CROSS 36X13X60,"$258,00",9/01/2026,siso,RUIDOSO
CABINET LINEN 5' CROSS 36X18X60,"$299,00",9/01/2026,siso,RUIDOSO
CABINET LINEN 5' FANCY TIN 36X13X60,"$299,00",9/01/2026,siso,RUIDOSO
CABINET LINEN 5' FANCY TIN 36X18X60,"$345,00",9/01/2026,siso,RUIDOSO
CABINET LINEN 5' RUSTIC TIN 36X18X60,"$316,00",9/01/2026,siso,RUIDOSO
"CABINET LINEN 5"" RUSTIC TIN 36X13X60","$276,00",9/01/2026,siso,RUIDOSO
CABINET LINEN 6' CROSS 36X13X72,"$281,00",9/01/2026,siso,RUIDOSO
CABINET LINEN 6' CROSS 36X18X72,"$345,00",9/01/2026,siso,RUIDOSO
CABINET LINEN 6' FANCY TIN 36X13X72,"$322,00",9/01/2026,siso,RUIDOSO
CABINET LINEN 6' FANCY TIN 36X18X72,"$419,00",9/01/2026,siso,RUIDOSO
CABINET LINEN 6' RUSTIC TIN 36X18X72,"$356,00",9/01/2026,siso,RUIDOSO
SM TWIG CABINET LINEN,"$195,00",9/01/2026,siso,RUIDOSO
36X13X30 TWIG CABINET LINEN,"$241,00",9/01/2026,siso,RUIDOSO
4' TWIG CABINET LINEN,"$218,00",9/01/2026,siso,RUIDOSO
5' TWIG CABINET LINEN,"$241,00",9/01/2026,siso,RUIDOSO
BATEAS CHICAS,"$138,00",9/01/2026,siso,RUIDOSO
BATEAS GRANDES,"$25,00",9/01/2026,siso,RUIDOSO
TARAHUMARA POT MED,"$29,90",9/01/2026,siso,RUIDOSO
TARAHUMARA POT SM,"$14,00",9/01/2026,siso,RUIDOSO
TARAUMARA POT LG.,"$44,00",9/01/2026,siso,RUIDOSO
TEQUILA GLASS,"$4,00",9/01/2026,siso,RUIDOSO
HB GLASS 8X10,"$4,00",9/01/2026,siso,RUIDOSO
HB GLASS 8X13,"$4,00",9/01/2026,siso,RUIDOSO
IRON SUGAR MOULDING BASE,"$2,00",9/01/2026,siso,RUIDOSO
MARGARITA GLASS,"$4,00",9/01/2026,siso,RUIDOSO
1-DOOR LAFON SIDEBOARD W/SLATTE,"$201,00",9/01/2026,siso,RUIDOSO
2-DOOR LAFON SIDEBOARD W/SLATTE,"$258,00",9/01/2026,siso,RUIDOSO
3-DOOR LAFON SIDEBOARD W/SLATTE,"$368,00",9/01/2026,siso,RUIDOSO
4-DOOR LAFON SIDEBOARD W/SLATTE,"$517,00",9/01/2026,siso,RUIDOSO
5-DOOR LAFON SIDEBOARD W/SLATTE,"$586,00",9/01/2026,siso,RUIDOSO
6-DOOR LAFON SIDEBOARD W/SLATTE,"$661,00",9/01/2026,siso,RUIDOSO
LAFON ALL METAL DOORS,"$494,00",9/01/2026,siso,RUIDOSO
LAFON IRON 1-DOOR 5-SHELF,"$477,00",9/01/2026,siso,RUIDOSO
LAFON IRON 2-DOOR 3-SHELF,"$494,00",9/01/2026,siso,RUIDOSO
LAFON MULTIPANEL 2-DOOR,"$310,00",9/01/2026,siso,RUIDOSO
LAFON MULTIPANEL 4-DOOR,"$494,00",9/01/2026,siso,RUIDOSO
RUSTIC LAFON 1-DOOR,"$310,00",9/01/2026,siso,RUIDOSO
RUSTIC LAFON 2-DOOR,"$494,00",9/01/2026,siso,RUIDOSO
CONCHOS NIGHTSTAND,"$242,00",29/01/2026,Nightstand,SAN ANGELO
NAIL NIGHTSTAND,"$133,00",29/01/2026,Nightstand,SAN ANGELO
RAISE PANEL NIGHTSTAND,"$115,00",29/01/2026,Nightstand,SAN ANGELO
CROSS NIGHTSTAND,"$115,00",29/01/2026,Nightstand,SAN ANGELO
CROSS NIGHTSTAND 1-DWR,"$127,00",29/01/2026,Nightstand,SAN ANGELO
MARIO'S NIGHTSTAND,"$76,00",29/01/2026,Nightstand,SAN ANGELO
FANCY TIN NIGHTSTAND,"$115,00",29/01/2026,Nightstand,SAN ANGELO
CACHINA NIGHTSTAND,"$173,00",29/01/2026,Nightstand,SAN ANGELO
3-DWR NIGHTSTAND,"$141,00",29/01/2026,Nightstand,SAN ANGELO
2-DWR IRON BASE NIGHTSTAND,"$138,00",29/01/2026,Nightstand,SAN ANGELO
GLASS NIGHTSTAND,"$121,00",29/01/2026,Nightstand,SAN ANGELO
GLASS & SLATTE NIGHTSTAND,"$133,00",29/01/2026,Nightstand,SAN ANGELO
WESTER NIGHTSTAND,"$133,00",29/01/2026,Nightstand,SAN ANGELO
COW HIDE NIGHTSTAND,"$299,00",29/01/2026,Nightstand,SAN ANGELO
FANCY TIN NIGHTSTAND 3 DRWS.,"$147,00",29/01/2026,Nightstand,SAN ANGELO
NIGHTSTAND W/ STAR,"$138,00",29/01/2026,Nightstand,SAN ANGELO
FANCY TIN NIGHTSTAND 6 DRWS.,"$279,00",29/01/2026,Nightstand,SAN ANGELO
CHIHUAHUA NIGHTSTAND,"$118,00",29/01/2026,Nightstand,SAN ANGELO
4 DWR NIGHTSTAND 2-SM 2-LG,"$184,00",29/01/2026,Nightstand,SAN ANGELO
SPANISH NIGHTSTAND,"$182,00",29/01/2026,Nightstand,SAN ANGELO
HONDO NIGHTSTAND,"$228,00",29/01/2026,Nightstand,SAN ANGELO
"48"" SANTA FE HUTCH","$566,00",29/01/2026,hutch's,SAN ANGELO
"60"" SANTA FE HUTCH","$673,00",29/01/2026,hutch's,SAN ANGELO
"72"" SANTA FE HUTCH","$803,00",29/01/2026,hutch's,SAN ANGELO
CURIO HUTCH,"$207,00",29/01/2026,hutch's,SAN ANGELO
DOUBLE CURIO HUTCH,"$282,00",29/01/2026,hutch's,SAN ANGELO
SHAKER TIN HUTCH,"$757,00",29/01/2026,hutch's,SAN ANGELO
TRASTERITO,"$221,00",29/01/2026,hutch's,SAN ANGELO
TRASTERITO W/DOOR,"$221,00",29/01/2026,hutch's,SAN ANGELO
6 DRW. TRASTERITO,"$240,00",29/01/2026,hutch's,SAN ANGELO
SINGLE CD W/GLASS DOOR,"$196,00",29/01/2026,CD'S,SAN ANGELO
DOUBLE CD W/GLASS DOOR,"$259,00",29/01/2026,CD'S,SAN ANGELO
SINGLE CD W/IRON DOOR,"$199,00",29/01/2026,CD'S,SAN ANGELO
DOUBLE CD W/IRON DOOR,"$297,00",29/01/2026,CD'S,SAN ANGELO
TAOS CD W/GLASS DOOR,"$166,00",29/01/2026,CD'S,SAN ANGELO
TAOS CD W/IRON DOOR,"$199,00",29/01/2026,CD'S,SAN ANGELO
WESTER SINGLE CD,"$221,00",29/01/2026,CD'S,SAN ANGELO
WESTER DOUBLE CD,"$304,00",29/01/2026,CD'S,SAN ANGELO
WESTER DOUBLE CD W/IRON DOOR,"$334,00",29/01/2026,CD'S,SAN ANGELO
2-DOOR SLATTE SIDEBOARD,"$263,00",29/01/2026,Sideboard,SAN ANGELO
3-DOOR SLATTE SIDEBOARD,"$371,00",29/01/2026,Sideboard,SAN ANGELO
4-DOOR SLATTE SIDEBOARD,"$518,00",29/01/2026,Sideboard,SAN ANGELO
5-DOOR SLATTE SIDEBOARD,"$587,00",29/01/2026,Sideboard,SAN ANGELO
6-DOOR SLATTE SIDEBOARD,"$661,00",29/01/2026,Sideboard,SAN ANGELO
2-DOOR TILE SIDEBOARD,"$268,00",29/01/2026,Sideboard,SAN ANGELO
3-DOOR TILE SIDEBOARD,"$351,00",29/01/2026,Sideboard,SAN ANGELO
4-DOOR TILE SIDEBOARD,"$437,00",29/01/2026,Sideboard,SAN ANGELO
5-DOOR TILE SIDEBOARD,"$518,00",29/01/2026,Sideboard,SAN ANGELO
6-DOOR TILE SIDEBOARD,"$602,00",29/01/2026,Sideboard,SAN ANGELO
2 TILE SIDEBOARD W/FANCY TIN,"$279,00",29/01/2026,Sideboard,SAN ANGELO
3 TILE SIDEBOARD W/FANCY TIN,"$368,00",29/01/2026,Sideboard,SAN ANGELO
4 TILE SIDEBOARD W/FANCY TIN,"$458,00",29/01/2026,Sideboard,SAN ANGELO
2 SLATTE SIDEBOARD W/FANCY TIN,"$274,00",29/01/2026,Sideboard,SAN ANGELO
3 SLATTE SIDEBOARD W/FANCY TIN,"$389,00",29/01/2026,Sideboard,SAN ANGELO
4 SLATTE SIDEBOARD W/FANCY TIN,"$543,00",29/01/2026,Sideboard,SAN ANGELO
5 SLATTE SIDEBOARD W/FANCY TIN,"$617,00",29/01/2026,Sideboard,SAN ANGELO
6 SLATTE SIDEBOARD W/FANCY TIN,"$697,00",29/01/2026,Sideboard,SAN ANGELO
1-DOOR SLATTE SIDEBOARD W/COOPER,"$249,00",29/01/2026,Sideboard,SAN ANGELO
2-DOOR SLATTE SIDEBOARD W/COOPER,"$362,00",29/01/2026,Sideboard,SAN ANGELO
3-DOOR SLATTE SIDEBOARD W/COOPER,"$520,00",29/01/2026,Sideboard,SAN ANGELO
4-DOOR SLATTE SIDEBOARD W/COOPER,"$718,00",29/01/2026,Sideboard,SAN ANGELO
5-DOOR SLATTE SIDEBOARD W/COOPER,"$835,00",29/01/2026,Sideboard,SAN ANGELO
6-DOOR SLATTE SIDEBOARD W/COOPER,"$960,00",29/01/2026,Sideboard,SAN ANGELO
6-DOOR SLATTE SIDEBOARD W/GLASS DOOR,"$695,00",29/01/2026,Sideboard,SAN ANGELO
5-DOOR SIDEBOARD SOLID TOP,"$587,00",29/01/2026,Sideboard,SAN ANGELO
5-TILE SIDEBOARD (NO TILE),"$503,00",29/01/2026,Sideboard,SAN ANGELO
MISSION BUFFET 3 DRWS.,"$409,00",29/01/2026,Buffet,SAN ANGELO
TAPER LEG'S BUFFET,"$175,00",29/01/2026,Buffet,SAN ANGELO
MISSION BUFFET W/TOP,"$451,00",29/01/2026,Buffet,SAN ANGELO
CHIHUAHUA BUFFET,"$253,00",29/01/2026,Buffet,SAN ANGELO
CACHINA BUFFEET,"$516,00",29/01/2026,Buffet,SAN ANGELO
NAIL BUFFET,"$412,00",29/01/2026,Buffet,SAN ANGELO
SHAKER BUFFET,"$371,00",29/01/2026,Buffet,SAN ANGELO
"48"" SANTA FE BUFFET","$352,00",29/01/2026,Buffet,SAN ANGELO
"60"" SANTA FE BUFFET","$398,00",29/01/2026,Buffet,SAN ANGELO
"72"" SANTA FE BUFFET","$451,00",29/01/2026,Buffet,SAN ANGELO
"36"" IRON BASE BUFFET W/DRWS","$299,00",29/01/2026,Buffet,SAN ANGELO
"48"" IRON BASE BUFFET W/DRWS.","$337,00",29/01/2026,Buffet,SAN ANGELO
"60"" IRON BASE BUFFET W/DRWS","$378,00",29/01/2026,Buffet,SAN ANGELO
"72"" IRON BASE BUFFET W/DRWS.","$417,00",29/01/2026,Buffet,SAN ANGELO
PUEBLA BUFFET W/IRONBASE,"$236,00",29/01/2026,Buffet,SAN ANGELO
PUEBLA BUFFET,"$175,00",29/01/2026,Buffet,SAN ANGELO
BUFFET W/DRWS.,"$364,00",29/01/2026,Buffet,SAN ANGELO
6DRWS. BUFFET,"$378,00",29/01/2026,Buffet,SAN ANGELO
SHAKER BUFFET XL,"$426,00",29/01/2026,Buffet,SAN ANGELO
SM TWIG BUFFET 36X18X36,"$267,00",29/01/2026,Buffet,SAN ANGELO
TALL ARCH CAVA,"$322,00",29/01/2026,Jelly´s,SAN ANGELO
SHORT ARCH JELLY,"$167,00",29/01/2026,Jelly´s,SAN ANGELO
TALL ARCH JELLY,"$199,00",29/01/2026,Jelly´s,SAN ANGELO
CHIHUAHUA JELLY,"$132,00",29/01/2026,Jelly´s,SAN ANGELO
CHIHUAHUA DOUBLE JELLY,"$199,00",29/01/2026,Jelly´s,SAN ANGELO
"48"" CHILI JELLY","$103,00",29/01/2026,Jelly´s,SAN ANGELO
"60"" CHILI JELLY","$132,00",29/01/2026,Jelly´s,SAN ANGELO
"48"" CHILI DOUBLE JELLY","$199,00",29/01/2026,Jelly´s,SAN ANGELO
"60"" CHILI DOUBLE JELLY","$270,00",29/01/2026,Jelly´s,SAN ANGELO
CROSS TALL JELLY,"$155,00",29/01/2026,Jelly´s,SAN ANGELO
CROSS SHORT JELLY,"$132,00",29/01/2026,Jelly´s,SAN ANGELO
FANCY TIN SHORT JELLY,"$160,00",29/01/2026,Jelly´s,SAN ANGELO
FANCY TIN TALL JELLY,"$199,00",29/01/2026,Jelly´s,SAN ANGELO
DOUBLE FANCY TIN TALL JELLY,"$316,00",29/01/2026,Jelly´s,SAN ANGELO
TALL CACHINA JELLY,"$210,00",29/01/2026,Jelly´s,SAN ANGELO
SHORT CACHINA JELLY,"$184,00",29/01/2026,Jelly´s,SAN ANGELO
DOUBLE CACHINA JELLY,"$329,00",29/01/2026,Jelly´s,SAN ANGELO
CROSS SHORT DOUBLE JELLY,"$199,00",29/01/2026,Jelly´s,SAN ANGELO
CROSS TALL DOUBLE JELLY,"$268,00",29/01/2026,Jelly´s,SAN ANGELO
8-PANEL TALL JELLY,"$168,00",29/01/2026,Jelly´s,SAN ANGELO
RUSTIC TIN SHORT JELLY,"$132,00",29/01/2026,Jelly´s,SAN ANGELO
RUSTIC TIN TALL JELLY,"$155,00",29/01/2026,Jelly´s,SAN ANGELO
ARCH TOP IRON BASE JELLY,"$209,00",29/01/2026,Jelly´s,SAN ANGELO
"48"" WESTERN JELLY","$159,00",29/01/2026,Jelly´s,SAN ANGELO
PIE SAFE,"$188,00",29/01/2026,Jelly´s,SAN ANGELO
TALL PIE SAFE,"$270,00",29/01/2026,Jelly´s,SAN ANGELO
CHEST LINGERIE 5 DRW.,"$216,00",29/01/2026,Jelly´s,SAN ANGELO
CHEST LINGERIE 5 DRWS 2-SM 3-LG,"$311,00",29/01/2026,Jelly´s,SAN ANGELO
"72"" TWIG JELLY CABINET","$291,00",29/01/2026,Jelly´s,SAN ANGELO
"60"" TWIG JELLY CABINET","$195,00",29/01/2026,Jelly´s,SAN ANGELO
"48"" TWIG JELLY CABINET","$181,00",29/01/2026,Jelly´s,SAN ANGELO
SM TWIG JELLY CABINET,"$171,00",29/01/2026,Jelly´s,SAN ANGELO
TWIG MICROWAVE,"$217,00",29/01/2026,Jelly´s,SAN ANGELO
WALL TASCATE COFFEE TABLE TURQ. INLAY,"$367,00",29/01/2026,Coffee Tables,SAN ANGELO
"TURN LEGS ROUND COFFEE TABLE 38""","$310,00",29/01/2026,Coffee Tables,SAN ANGELO
TASCATE COFFEE TABLE W/IRON BASE TURQ. INLAY,"$475,00",29/01/2026,Coffee Tables,SAN ANGELO
OX YOKE SLATTE COFFEE TABLE,"$409,00",29/01/2026,Coffee Tables,SAN ANGELO
TARAHUMARA OX YOKE COFFEE TABLE,"$226,00",29/01/2026,Coffee Tables,SAN ANGELO
NAIL COFFEE TABLE,"$236,00",29/01/2026,Coffee Tables,SAN ANGELO
SHADOW COFFEE TABLE,"$374,00",29/01/2026,Coffee Tables,SAN ANGELO
2 X 4 FANCY TIN COFFEE TABLE,"$371,00",29/01/2026,Coffee Tables,SAN ANGELO
2 SLATTE X 3 SLATTE TIN COFFE,"$317,00",29/01/2026,Coffee Tables,SAN ANGELO
4' X 4' FANCY TIN COFFEE TABLE,"$329,00",29/01/2026,Coffee Tables,SAN ANGELO
"42"" X 42"" SLATTE COFFEE TABLE","$414,00",29/01/2026,Coffee Tables,SAN ANGELO
2 X 4 FANCY IRON BASE COFFEE TABLE,"$414,00",29/01/2026,Coffee Tables,SAN ANGELO
2 X 3 FANCY IRON BASE COFFEE TABLE,"$394,00",29/01/2026,Coffee Tables,SAN ANGELO
COFFEE BULLET TABLE,"$210,00",29/01/2026,Coffee Tables,SAN ANGELO
"""X"" COFFEE 48X30X18","$251,00",29/01/2026,Coffee Tables,SAN ANGELO
WESTER STAR END TABLE,"$161,00",29/01/2026,End Table,SAN ANGELO
NAIL END TABLE,"$119,00",29/01/2026,End Table,SAN ANGELO
SHADOW END TABLE,"$255,00",29/01/2026,End Table,SAN ANGELO
"26"" X 26"" FANCY TIN END TABLE W/SLATTE","$161,00",29/01/2026,End Table,SAN ANGELO
"22"" X 22"" FANCY TIN END TABLE W/SLATTE","$158,00",29/01/2026,End Table,SAN ANGELO
TURN LEG END TABLE W/LACQUER,"$152,00",29/01/2026,End Table,SAN ANGELO
OX YOKE SLATTE END TABLE,"$217,00",29/01/2026,End Table,SAN ANGELO
WALL TASCATE END TABLE INTAKE TURQ.,"$184,00",29/01/2026,End Table,SAN ANGELO
WALL TASCATE END TABLE INTAKE TURQ. IRONBASE,"$237,00",29/01/2026,End Table,SAN ANGELO
OX YOKE END TABLE 24X24,"$328,00",29/01/2026,End Table,SAN ANGELO
TARAHUMARA OX YOKE END TABLE,"$143,00",29/01/2026,End Table,SAN ANGELO
END BULLET TABLE,"$113,00",29/01/2026,End Table,SAN ANGELO
"""X"" END TABLE 22X22X24","$130,00",29/01/2026,End Table,SAN ANGELO
IRON BASE 22X22 FANCY TIN END TABLE W/SLATTE,"$259,00",29/01/2026,End Table,SAN ANGELO
WALL TASCATE SOFA TABLE INTAKE TURQ.,"$367,00",29/01/2026,Sofa Table,SAN ANGELO
WESTER STAR SOFA TABLE,"$336,00",29/01/2026,Sofa Table,SAN ANGELO
NAIL SOFA TABLE,"$258,00",29/01/2026,Sofa Table,SAN ANGELO
SHADOW SOFA TABLE,"$374,00",29/01/2026,Sofa Table,SAN ANGELO
HALF MOON SOFA TABLE,"$132,00",29/01/2026,Sofa Table,SAN ANGELO
TURN LEGS SOFA TABLE,"$295,00",29/01/2026,Sofa Table,SAN ANGELO
5 FT. OX YOKE SOFA TABLE W/SLATTE,"$413,00",29/01/2026,Sofa Table,SAN ANGELO
4 FT. OX YOKE SOFA TABLE W/SLATTE,,29/01/2026,Sofa Table,SAN ANGELO
WALL TASCATE SOFA TABLE INTAKE TURQ. IRONBASE,"$475,00",29/01/2026,Sofa Table,SAN ANGELO
2-TILE IRON BASE SOFA TABLE,"$212,00",29/01/2026,Sofa Table,SAN ANGELO
3-TILE IRON BASE SOFA TABLE,"$255,00",29/01/2026,Sofa Table,SAN ANGELO
4-TILE IRON BASE SOFA TABLE,"$299,00",29/01/2026,Sofa Table,SAN ANGELO
5 TILE IRON BASE SOFA TABLE,"$340,00",29/01/2026,Sofa Table,SAN ANGELO
2-SLATTE IRON BASE SOFA TABLE,"$226,00",29/01/2026,Sofa Table,SAN ANGELO
3-SLATTE IRON BASE SOFA TABLE,"$306,00",29/01/2026,Sofa Table,SAN ANGELO
4-SLATTE IRON BASE SOFA TABLE,"$352,00",29/01/2026,Sofa Table,SAN ANGELO
2-SLATTE WESTER SOFA TABLE,"$268,00",29/01/2026,Sofa Table,SAN ANGELO
3-SLATTE WESTER SOFA TABLE,"$306,00",29/01/2026,Sofa Table,SAN ANGELO
4-SLATTE WESTER SOFA TABLE,"$352,00",29/01/2026,Sofa Table,SAN ANGELO
2 TILE FANCY TIN SOFA TABLE,"$216,00",29/01/2026,Sofa Table,SAN ANGELO
3 TILE FANCY TIN SOFA TABLE,"$262,00",29/01/2026,Sofa Table,SAN ANGELO
4 FANCY TIN SOFA TABLE,"$305,00",29/01/2026,Sofa Table,SAN ANGELO
2 SLATTE FANCY TIN TABLE,"$229,00",29/01/2026,Sofa Table,SAN ANGELO
3 SLATTE FANCY TIN SOFA TABLE,"$316,00",29/01/2026,Sofa Table,SAN ANGELO
4 SLATTE FANCY TIN SOFA TABLE,"$360,00",29/01/2026,Sofa Table,SAN ANGELO
2 SOLID TOP IRONBASE SOFA TABLE W/SHELF,"$226,00",29/01/2026,Sofa Table,SAN ANGELO
3 SOLID TOP IRONBASE SOFA TABLE W/SHELF,"$306,00",29/01/2026,Sofa Table,SAN ANGELO
4 SOLID TOP IRONBASE SOFA TABLE W/SHELF,"$352,00",29/01/2026,Sofa Table,SAN ANGELO
2 TILE IRONBASE SOFA TABLE W/SHELF,"$233,00",29/01/2026,Sofa Table,SAN ANGELO
3 TILE IRONBASE SOFA TABLE W/SHELF,"$319,00",29/01/2026,Sofa Table,SAN ANGELO
4 TILE IRONBASE SOFA TABLE W/SHELF,"$367,00",29/01/2026,Sofa Table,SAN ANGELO
5 TILE IRONBASE SOFA TABLE W/SHELF,"$414,00",29/01/2026,Sofa Table,SAN ANGELO
2 SLATTE IRONBASE SOFA TABLE W/SHELF,"$236,00",29/01/2026,Sofa Table,SAN ANGELO
3 SLATTE IRONBASE SOFA TABLE W/SHELF,"$324,00",29/01/2026,Sofa Table,SAN ANGELO
4 SLATTE IRONBASE SOFA TABLE W/SHELF,"$374,00",29/01/2026,Sofa Table,SAN ANGELO
5 SLATTE IRONBASE SOFA TABLE W/SHELF,"$424,00",29/01/2026,Sofa Table,SAN ANGELO
6 SLATTE IRONBASE SOFA TABLE W/SHELF,"$472,00",29/01/2026,Sofa Table,SAN ANGELO
TARAHUMARA OX YOKE SOFA TABLE,"$226,00",29/01/2026,Sofa Table,SAN ANGELO
"""X"" SOFA TABLE 60X16X30","$297,00",29/01/2026,Sofa Table,SAN ANGELO
"18"" CURIO BOOKCASE","$133,00",29/01/2026,Bookcases,SAN ANGELO
"24"" CURIO BOOKCASE","$155,00",29/01/2026,Bookcases,SAN ANGELO
"30"" CURIO BOOKCASE","$173,00",29/01/2026,Bookcases,SAN ANGELO
"36"" CURIO BOOKCASE","$196,00",29/01/2026,Bookcases,SAN ANGELO
"48"" CURIO BOOKCASE","$234,00",29/01/2026,Bookcases,SAN ANGELO
"36'X 36""CURIO BOOKCASE","$104,00",29/01/2026,Bookcases,SAN ANGELO
"18"" DENTAL BOOKCASE","$152,00",29/01/2026,Bookcases,SAN ANGELO
"24"" DENTAL BOOKCASE","$165,00",29/01/2026,Bookcases,SAN ANGELO
"30"" DENTAL BOOKCASE","$196,00",29/01/2026,Bookcases,SAN ANGELO
"36"" DENTAL BOOKCASE","$207,00",29/01/2026,Bookcases,SAN ANGELO
"48"" DENTAL BOOKCASE","$249,00",29/01/2026,Bookcases,SAN ANGELO
CHIHUAHUA BOOKCASE,"$333,00",29/01/2026,Bookcases,SAN ANGELO
BOOKCASE SIMPLE 60X15X36,"$184,00",29/01/2026,Bookcases,SAN ANGELO
"18"" DOME BOOKCASE","$167,00",29/01/2026,Bookcases,SAN ANGELO
"24"" DOME BOOKCASE","$198,00",29/01/2026,Bookcases,SAN ANGELO
"30"" DOME BOOKCASE","$228,00",29/01/2026,Bookcases,SAN ANGELO
"36"" DOME BOOKCASE","$244,00",29/01/2026,Bookcases,SAN ANGELO
"48"" DOME BOOKCASE","$289,00",29/01/2026,Bookcases,SAN ANGELO
"18"" ARCH BOOKCASE","$198,00",29/01/2026,Bookcases,SAN ANGELO
"24"" ARCH BOOKCASE","$228,00",29/01/2026,Bookcases,SAN ANGELO
"30"" ARCH BOOKCASE","$243,00",29/01/2026,Bookcases,SAN ANGELO
"36"" ARCH BOOKCASE","$267,00",29/01/2026,Bookcases,SAN ANGELO
"48"" ARCH BOOKCASE","$289,00",29/01/2026,Bookcases,SAN ANGELO
"18"" SIERRA BOOKCASE","$138,00",29/01/2026,Bookcases,SAN ANGELO
"24"" SIERRA BOOKCASE","$159,00",29/01/2026,Bookcases,SAN ANGELO
"30"" SIERRA BOOKCASE","$184,00",29/01/2026,Bookcases,SAN ANGELO
"36"" SIERRA BOOKCASE","$213,00",29/01/2026,Bookcases,SAN ANGELO
"48"" SIERRA BOOKCASE","$243,00",29/01/2026,Bookcases,SAN ANGELO
"TARAHUMARA BOOKCASE 30""","$168,00",29/01/2026,Bookcases,SAN ANGELO
"TARAHUMARA BOOKCASE 36""","$187,00",29/01/2026,Bookcases,SAN ANGELO
"TARAHUMARA BOOKCASE 48""","$244,00",29/01/2026,Bookcases,SAN ANGELO
"36"" TWIG BOOKCASE","$148,00",29/01/2026,Bookcases,SAN ANGELO
"18"" TWIG BOOKCASE","$133,00",29/01/2026,Bookcases,SAN ANGELO
SHORT BOOK ZUNI,"$127,00",29/01/2026,Bookcases,SAN ANGELO
BOOKCASE SIMPLE 60X15X48,"$184,00",29/01/2026,Bookcases,SAN ANGELO
"24"" OX YOKE BOOKCASE","$228,00",29/01/2026,Bookcases,SAN ANGELO
"36"" OX YOKE BOOKCASE","$259,00",29/01/2026,Bookcases,SAN ANGELO
"48"" OX YOKE BOOKCASE","$289,00",29/01/2026,Bookcases,SAN ANGELO
"24"" TWIG BOOKCASE","$140,00",29/01/2026,Bookcases,SAN ANGELO
"48"" TWIG BOOKCASE","$166,00",29/01/2026,Bookcases,SAN ANGELO
60X18X84 CURIO BOOKCASE,"$368,00",29/01/2026,Bookcases,SAN ANGELO
"CROSS ARMOIRE 22"" DEEP","$449,00",29/01/2026,Armories,SAN ANGELO
"FANCY TIN ARMOIRE 22"" DEEP","$449,00",29/01/2026,Armories,SAN ANGELO
5-DWR WARDROBE ARMOIRE,"$496,00",29/01/2026,Armories,SAN ANGELO
5-DWR RIGHT WARDROBE ARMOIRE 2-DOOR,"$472,00",29/01/2026,Armories,SAN ANGELO
CACHINA ARMOIRE,"$582,00",29/01/2026,Armories,SAN ANGELO
"42"" IRON BASE ARMOIRE","$531,00",29/01/2026,Armories,SAN ANGELO
"48"" IRON BASE ARMOIRE","$567,00",29/01/2026,Armories,SAN ANGELO
RAISE PANEL ARMOIRE 44X22X72,"$575,00",29/01/2026,Armories,SAN ANGELO
4-DWR UNDER WARDROBE ARMOIRE 2-DOOR,"$578,00",29/01/2026,Armories,SAN ANGELO
CACHINA QUEEN BED,,29/01/2026,headboard & beds,SAN ANGELO
CACHINA QUEEN HEADBOARD,"$374,00",29/01/2026,headboard & beds,SAN ANGELO
COW BOY HEADBOARD,"$395,00",29/01/2026,headboard & beds,SAN ANGELO
BAKARU HEADBOARD TWIN,"$320,00",29/01/2026,headboard & beds,SAN ANGELO
BAKARU HEADBOARD QUEEN,"$374,00",29/01/2026,headboard & beds,SAN ANGELO
BAKARU HEADBOARD KING,"$428,00",29/01/2026,headboard & beds,SAN ANGELO
QUEEN HEADBOARD W/PANELS,"$268,00",29/01/2026,headboard & beds,SAN ANGELO
COWHIDE KING BED,"$1.495,00",29/01/2026,headboard & beds,SAN ANGELO
COWHIDE QUEEN BED,"$1.392,00",29/01/2026,headboard & beds,SAN ANGELO
COWHIDE CUT OUT KING BED,"$1.495,00",29/01/2026,headboard & beds,SAN ANGELO
COWHIDE CUT OUT QUEEN BED,"$1.392,00",29/01/2026,headboard & beds,SAN ANGELO
PUEBLO HEADBOARD QUEEN,"$299,00",29/01/2026,headboard & beds,SAN ANGELO
PUEBLO HEADBOARD KING,"$328,00",29/01/2026,headboard & beds,SAN ANGELO
CONCHOS KS BED,"$1.169,00",29/01/2026,headboard & beds,SAN ANGELO
CONCHOS CHEST,"$893,00",29/01/2026,headboard & beds,SAN ANGELO
PUEBLO HEADBOARD FULL,"$259,00",29/01/2026,headboard & beds,SAN ANGELO
HB/FB PUEBLO COMPLETE BED QS,"$587,00",29/01/2026,headboard & beds,SAN ANGELO
HB/FB PUEBLO COMPLETE BED KS,"$662,00",29/01/2026,headboard & beds,SAN ANGELO
HONDO KS COMPLETE BED,"$1.100,00",29/01/2026,headboard & beds,SAN ANGELO
HONDO QS COMPLETE BED,"$1.035,00",29/01/2026,headboard & beds,SAN ANGELO
6-DWR DRESSER,"$460,00",29/01/2026,"dresser's, chest & mirror",SAN ANGELO
7-DWR DRESSER,"$483,00",29/01/2026,"dresser's, chest & mirror",SAN ANGELO
COWHIDE DRESSER W/MIRROR,"$1.016,00",29/01/2026,"dresser's, chest & mirror",SAN ANGELO
COWHIDE DRESSER NO MIRROR,"$925,00",29/01/2026,"dresser's, chest & mirror",SAN ANGELO
COWHIDE CHEST,"$855,00",29/01/2026,"dresser's, chest & mirror",SAN ANGELO
CONCHOS DRESSER,"$961,00",29/01/2026,"dresser's, chest & mirror",SAN ANGELO
COWHIDE MIRROR,"$173,00",29/01/2026,"dresser's, chest & mirror",SAN ANGELO
5-DWR CHEST 2-SM 3-LG,"$358,00",29/01/2026,"dresser's, chest & mirror",SAN ANGELO
4-DWR CHEST,"$260,00",29/01/2026,"dresser's, chest & mirror",SAN ANGELO
3- DWR CHEST,,29/01/2026,"dresser's, chest & mirror",SAN ANGELO
HONDO CHEST,"$615,00",29/01/2026,"dresser's, chest & mirror",SAN ANGELO
HONDO DRESSER,"$642,00",29/01/2026,"dresser's, chest & mirror",SAN ANGELO
HONDO MIRROR,"$138,00",29/01/2026,"dresser's, chest & mirror",SAN ANGELO
OLD DOOR BENCH LARGE,"$334,00",29/01/2026,Bench,SAN ANGELO
BENCH TASCATE INLAY 72X20X18,"$318,00",29/01/2026,Bench,SAN ANGELO
"36"" ROSETTE BENCH","$161,00",29/01/2026,Bench,SAN ANGELO
"48"" ROSETTE BENCH","$167,00",29/01/2026,Bench,SAN ANGELO
"60"" ROSETTE BENCH","$180,00",29/01/2026,Bench,SAN ANGELO
"48"" CORONA BENCH","$320,00",29/01/2026,Bench,SAN ANGELO
"60"" CORONA BENCH","$340,00",29/01/2026,Bench,SAN ANGELO
"72"" CORONA BENCH","$364,00",29/01/2026,Bench,SAN ANGELO
COW HIDE BENCH,"$397,00",29/01/2026,Bench,SAN ANGELO
"48"" TARAHUMARA BENCH","$167,00",29/01/2026,Bench,SAN ANGELO
"54""OX YOKE BENCH W/LEATHER","$329,00",29/01/2026,Bench,SAN ANGELO
3 DRW. BENCH,"$234,00",29/01/2026,Bench,SAN ANGELO
"60"" CROOS BENCH","$328,00",29/01/2026,Bench,SAN ANGELO
8 FT. TASCATE BENCH TURQ. INLAY,"$385,00",29/01/2026,Bench,SAN ANGELO
BENCH TASCATE INLAY 48X20X18,"$251,00",29/01/2026,Bench,SAN ANGELO
BENCH TASCATE INLAY 60X20X18,"$268,00",29/01/2026,Bench,SAN ANGELO
BUTT BENCH 1-SEAT,"$50,00",29/01/2026,Bench,SAN ANGELO
BUTT BENCH 2-SEAT,"$67,00",29/01/2026,Bench,SAN ANGELO
BUTT BENCH 3-SEAT,"$84,00",29/01/2026,Bench,SAN ANGELO
BUTT BENCH 4-SEAT,"$102,00",29/01/2026,Bench,SAN ANGELO
"72"" OX YOKE BENCH W/LEATHER","$363,00",29/01/2026,Bench,SAN ANGELO
"SPINDEL DESK 36""","$176,00",29/01/2026,Desk,SAN ANGELO
"SPINDEL DESK 48""","$198,00",29/01/2026,Desk,SAN ANGELO
"2-DWR SPINDEL DESK 48""","$297,00",29/01/2026,Desk,SAN ANGELO
"IRON BASE DESK 18"" DEEP","$255,00",29/01/2026,Desk,SAN ANGELO
"IRON BASE DESK 24"" DEEP","$275,00",29/01/2026,Desk,SAN ANGELO
IRON BASE DESK,"$302,00",29/01/2026,Desk,SAN ANGELO
COWHIDE EXECUTIVE DESK,"$961,00",29/01/2026,Desk,SAN ANGELO
JR. COWHIDE DESK,"$534,00",29/01/2026,Desk,SAN ANGELO
COWHIDE FILE CABINET 3 DRWS,"$410,00",29/01/2026,Desk,SAN ANGELO
WESTER EXECUTIVE DESK,"$793,00",29/01/2026,Desk,SAN ANGELO
SECRETARY DESK,"$393,00",29/01/2026,Desk,SAN ANGELO
JR. WESTERN DESK,"$460,00",29/01/2026,Desk,SAN ANGELO
"54"" RUSTIC SIERRA DESK","$243,00",29/01/2026,Desk,SAN ANGELO
"60"" RUSTIC SIERRA DESK","$274,00",29/01/2026,Desk,SAN ANGELO
3-DWR IRON BASE DESK,"$343,00",29/01/2026,Desk,SAN ANGELO
5-DWR IRON BASE DESK,"$395,00",29/01/2026,Desk,SAN ANGELO
SOUTHWEST CHAIR,"$122,00",29/01/2026,Chairs,SAN ANGELO
SOUTHWEST CHAIR W/LEATHER,"$165,00",29/01/2026,Chairs,SAN ANGELO
TURN LEGS WESTERN CHAIR,"$103,00",29/01/2026,Chairs,SAN ANGELO
RICARDO CHAIR,"$79,00",29/01/2026,Chairs,SAN ANGELO
RICARDO ARM CHAIR,"$90,00",29/01/2026,Chairs,SAN ANGELO
RICARDO CHAIR W/LACQUER,"$90,00",29/01/2026,Chairs,SAN ANGELO
MEXICAN CHAIR,"$103,00",29/01/2026,Chairs,SAN ANGELO
CORONA CHAIR,"$79,00",29/01/2026,Chairs,SAN ANGELO
PLAIN CHAIR,"$69,00",29/01/2026,Chairs,SAN ANGELO
CHAIR FOR DESK,"$103,00",29/01/2026,Chairs,SAN ANGELO
COWHIDE CHAIR FOR DESK,"$133,00",29/01/2026,Chairs,SAN ANGELO
OX YOKE CHAIR,"$124,00",29/01/2026,Chairs,SAN ANGELO
OX YOKE CHAIR W/LEATHER,"$152,00",29/01/2026,Chairs,SAN ANGELO
CURVE MEZCALERO CHAIR,"$88,00",29/01/2026,Chairs,SAN ANGELO
MEZCALERO CHAIR W/LEATHER,"$138,00",29/01/2026,Chairs,SAN ANGELO
MEZCALERO CHAIR W/COOPER WOOD SEAT,"$115,00",29/01/2026,Chairs,SAN ANGELO
MEZCALERO CHAIR W/COOPER & LEATHER,"$160,00",29/01/2026,Chairs,SAN ANGELO
OFFICE CHAIR,"$544,00",29/01/2026,Chairs,SAN ANGELO
WINGBACK CHAIR,"$544,00",29/01/2026,Chairs,SAN ANGELO
RUSTIC CHAIR,"$88,00",29/01/2026,Chairs,SAN ANGELO
RUSTIC CHAIR W/LEATHER,"$138,00",29/01/2026,Chairs,SAN ANGELO
TASCATE CHAIR W/LEATHER TURQ. INLAY,"$226,00",29/01/2026,Chairs,SAN ANGELO
JUAREZ YOKE TOOLED CHAIR W/LACQUER,"$310,00",29/01/2026,Chairs,SAN ANGELO
TASCATE CHAIR W/WRAPPED LEATHER,"$165,00",29/01/2026,Chairs,SAN ANGELO
MEZCALERO CHAIR W/WRAPPED LEATHER,"$165,00",29/01/2026,Chairs,SAN ANGELO
ROSETTA CURVE BACK CHAIR W/LEATHER,"$165,00",29/01/2026,Chairs,SAN ANGELO
MEZCALERO CURVE CACHINA STRIP CHAIR W/LEATHER,"$141,00",29/01/2026,Chairs,SAN ANGELO
SINGLE ROCKING CHAIR,"$184,00",29/01/2026,Chairs,SAN ANGELO
DOUBLE ROCKING CHAIR,"$259,00",29/01/2026,Chairs,SAN ANGELO
STAR BARSTOOL,"$79,00",29/01/2026,Barstools,SAN ANGELO
TAOS BARSTOOL,"$81,00",29/01/2026,Barstools,SAN ANGELO
MEXICAN BARSTOOL,"$103,00",29/01/2026,Barstools,SAN ANGELO
"MEXICAN BARSTOOL 30""","$103,00",29/01/2026,Barstools,SAN ANGELO
CORONA BARSTOOL 26'',"$79,00",29/01/2026,Barstools,SAN ANGELO
"CORONA BARSTOOL 30""","$79,00",29/01/2026,Barstools,SAN ANGELO
"TECATE BARSTOOL 30""","$79,00",29/01/2026,Barstools,SAN ANGELO
"XX LAGER BARSTOOL 30""","$88,00",29/01/2026,Barstools,SAN ANGELO
"BUDWEISER BARSTOOL 30""","$88,00",29/01/2026,Barstools,SAN ANGELO
"HARLEY BARSTOOLS 26""","$141,00",29/01/2026,Barstools,SAN ANGELO
"HARLEY BARSTOOLS 30""","$141,00",29/01/2026,Barstools,SAN ANGELO
"PLAIN BARSTOOL 24""","$73,00",29/01/2026,Barstools,SAN ANGELO
"PLAIN BARSTOOL 30""","$73,00",29/01/2026,Barstools,SAN ANGELO
"PLAIN BARSTOOL 26""","$73,00",29/01/2026,Barstools,SAN ANGELO
COWHIDE SWIVEL BARSTOOL,"$276,00",29/01/2026,Barstools,SAN ANGELO
"24"" STOOLS W/LEATHER","$110,00",29/01/2026,Barstools,SAN ANGELO
"30"" STOOLS W/LEATHER","$110,00",29/01/2026,Barstools,SAN ANGELO
"MEZCALERO BARSTOOL 24"" W/COOPER","$155,00",29/01/2026,Barstools,SAN ANGELO
"26"" PLAIN BARSTOOL W/LACQUER","$88,00",29/01/2026,Barstools,SAN ANGELO
TASCATE BARSTOOL W/WRAPPED LEATHER,"$165,00",29/01/2026,Barstools,SAN ANGELO
TWIST BARSTOOL IRON BLACK,"$99,00",29/01/2026,Barstools,SAN ANGELO
IRON BASE BARSTOOL TOOLED LEATHER SEAT,"$184,00",29/01/2026,Barstools,SAN ANGELO
"30"" MEZCALERO BARSTOOL W/LEATHER","$196,00",29/01/2026,Barstools,SAN ANGELO
5 FT. CACHINA BORDER DINING TABLE,"$479,00",29/01/2026,Tables and islands,SAN ANGELO
"SOUTHWEST SLATTE DINING TABLE 72""","$643,00",29/01/2026,Tables and islands,SAN ANGELO
"SOUTHWEST SLATTE DINING TABLE 84""","$695,00",29/01/2026,Tables and islands,SAN ANGELO
"TERRACOTA DINING TABLE 72""","$482,00",29/01/2026,Tables and islands,SAN ANGELO
OX YOKE SLATTE DINING TABLE 6 FT.,"$643,00",29/01/2026,Tables and islands,SAN ANGELO
OX YOKE DINING TABLE 6 FT,"$681,00",29/01/2026,Tables and islands,SAN ANGELO
OX YOKE DINING TABLE 7FT.,"$711,00",29/01/2026,Tables and islands,SAN ANGELO
"DINING TABLE 60""","$458,00",29/01/2026,Tables and islands,SAN ANGELO
"DINING TABLE 72""","$495,00",29/01/2026,Tables and islands,SAN ANGELO
"DINING TABLE 84""","$529,00",29/01/2026,Tables and islands,SAN ANGELO
60X60 DINING TABLE,"$482,00",29/01/2026,Tables and islands,SAN ANGELO
CORONA DINING TABLE,"$257,00",29/01/2026,Tables and islands,SAN ANGELO
MEXICAN DINING TABLE,"$408,00",29/01/2026,Tables and islands,SAN ANGELO
REAL SLATE DINING TABLE 72X36,"$540,00",29/01/2026,Tables and islands,SAN ANGELO
REAL SLATTE DINING TABLE 5',"$540,00",29/01/2026,Tables and islands,SAN ANGELO
REAL SLATE DINING TABLE 6',"$588,00",29/01/2026,Tables and islands,SAN ANGELO
REAL SLATE DINING TABLE 7'',"$636,00",29/01/2026,Tables and islands,SAN ANGELO
REAL SLATTE DINING TABLE 8',"$686,00",29/01/2026,Tables and islands,SAN ANGELO
REAL SLATTE DINING TABLE 9',"$738,00",29/01/2026,Tables and islands,SAN ANGELO
5 X 5 SLATTE DINING TABLE,"$589,00",29/01/2026,Tables and islands,SAN ANGELO
TERRACOTA KITCHEN ISLAND (4-tile),"$417,00",29/01/2026,Tables and islands,SAN ANGELO
TERRACOTA KITCHEN ISLAND (6-tile),"$535,00",29/01/2026,Tables and islands,SAN ANGELO
42X42 DINING TABLE,"$386,00",29/01/2026,Tables and islands,SAN ANGELO
6 FT. TASCATE DINING TALE TURQ. INLAY,"$769,00",29/01/2026,Tables and islands,SAN ANGELO
7 FT. TASCATE DINING TABLE TURQ. INLAY,"$802,00",29/01/2026,Tables and islands,SAN ANGELO
8 FT. TASCATE DINING TABLE TURQ. INLAY,"$835,00",29/01/2026,Tables and islands,SAN ANGELO
OX YOKE SLATTE DINING TABLE 7 FT.,"$695,00",29/01/2026,Tables and islands,SAN ANGELO
7 FT. RUSTIC TABLE,"$612,00",29/01/2026,Tables and islands,SAN ANGELO
8 FT. RUSTIC TABLE,"$544,00",29/01/2026,Tables and islands,SAN ANGELO
9 FT. RUSTIC TABLE,"$575,00",29/01/2026,Tables and islands,SAN ANGELO
10 FT. RUSTIC TABLE,"$609,00",29/01/2026,Tables and islands,SAN ANGELO
"48"" RUSTIC ROUND TABLE","$820,00",29/01/2026,Tables and islands,SAN ANGELO
"60"" RUSTIC ROUND TABLE","$848,00",29/01/2026,Tables and islands,SAN ANGELO
5 FT. ROUND OX YOKE DINING W/PEDESTAL,"$695,00",29/01/2026,Tables and islands,SAN ANGELO
"42"" ROUND DINING PEDESTAL TURN LEG","$351,00",29/01/2026,Tables and islands,SAN ANGELO
40X40 SQUARE TURN LEG SMALL DINING TABLE,"$419,00",29/01/2026,Tables and islands,SAN ANGELO
OX YOKE SLATTE DINING TABLE 8 FT,"$747,00",29/01/2026,Tables and islands,SAN ANGELO
PLAIN BISTRO TABLE,"$257,00",29/01/2026,Bistros,SAN ANGELO
CORONA BISTRO TABLE,"$256,00",29/01/2026,Bistros,SAN ANGELO
STAR BISTRO TABLE,"$268,00",29/01/2026,Bistros,SAN ANGELO
HARLEY BISTRO TABLE,"$288,00",29/01/2026,Bistros,SAN ANGELO
MEXICAN BISTRO TABLE,"$408,00",29/01/2026,Bistros,SAN ANGELO
"42"" TALL PLAIN BISTRO TABLE","$248,00",29/01/2026,Bistros,SAN ANGELO
PLAIN BISTRO RECTANGLE,"$357,00",29/01/2026,Bistros,SAN ANGELO
PLAIN BISTRO RECTANGLE W/LACQUER,"$393,00",29/01/2026,Bistros,SAN ANGELO
TASCATE PLAIN BISTRO RECTANGLE TURQ. INLAY,"$495,00",29/01/2026,Bistros,SAN ANGELO
XX LAGER BISTRO TABLE,"$256,00",29/01/2026,Bistros,SAN ANGELO
"48"" CORONA BAR","$516,00",29/01/2026,Bars,SAN ANGELO
"72"" CORONA BAR","$601,00",29/01/2026,Bars,SAN ANGELO
"48"" HARLEY BAR","$609,00",29/01/2026,Bars,SAN ANGELO
"72"" HARLEY BAR","$696,00",29/01/2026,Bars,SAN ANGELO
"48"" MEXICAN BAR","$516,00",29/01/2026,Bars,SAN ANGELO
"72"" MEXICAN BAR","$601,00",29/01/2026,Bars,SAN ANGELO
"72"" TECATE BAR","$601,00",29/01/2026,Bars,SAN ANGELO
"72"" BUDWEISER BAR","$628,00",29/01/2026,Bars,SAN ANGELO
"48"" XX LAGER BAR","$609,00",29/01/2026,Bars,SAN ANGELO
"72"" XX LAGER BAR","$734,00",29/01/2026,Bars,SAN ANGELO
"48"" PLAIN BAR","$489,00",29/01/2026,Bars,SAN ANGELO
"72"" PLAIN BAR","$572,00",29/01/2026,Bars,SAN ANGELO
"60"" PLAIN BAR","$529,00",29/01/2026,Bars,SAN ANGELO
"60"" PLAIN BAR W/SLATTE","$598,00",29/01/2026,Bars,SAN ANGELO
"72"" PLAIN BAR W/SLATTE","$647,00",29/01/2026,Bars,SAN ANGELO
"72"" PLAIN BAR W/TILE","$619,00",29/01/2026,Bars,SAN ANGELO
"48"" PLAIN BAR W/SLATTE","$551,00",29/01/2026,Bars,SAN ANGELO
"48"" TECATE BAR","$516,00",29/01/2026,Bars,SAN ANGELO
7FT. SIERRA BAR,"$874,00",29/01/2026,Bars,SAN ANGELO
CURIO CORNER CAB.,"$152,00",29/01/2026,Varios,SAN ANGELO
MED.CORNER CAB.,"$279,00",29/01/2026,Varios,SAN ANGELO
TALL CORNER CAB.,"$442,00",29/01/2026,Varios,SAN ANGELO
12X12 MARIO'S TABLE,"$61,00",29/01/2026,Varios,SAN ANGELO
12X24 MARIO'S TABLE,"$76,00",29/01/2026,Varios,SAN ANGELO
12X36 MARIO'S TABLE,"$92,00",29/01/2026,Varios,SAN ANGELO
12X48 MARIO'S TABLE,"$110,00",29/01/2026,Varios,SAN ANGELO
16X16 MARIO'S TABLE,"$76,00",29/01/2026,Varios,SAN ANGELO
16X24 MARIO'S  TABLE,"$96,00",29/01/2026,Varios,SAN ANGELO
16X36 MARIO'S TABLE,"$106,00",29/01/2026,Varios,SAN ANGELO
16X48 MARIO'S TABLE,"$132,00",29/01/2026,Varios,SAN ANGELO
SMALL COOLER,"$241,00",29/01/2026,Varios,SAN ANGELO
COOLER,"$276,00",29/01/2026,Varios,SAN ANGELO
CABINET LINEN 4' CROSS 36X13X48,"$199,00",29/01/2026,siso,SAN ANGELO
CABINET LINEN 4' FANCY TIN 36X13X48,"$241,00",29/01/2026,siso,SAN ANGELO
CABINET LINEN 4' CROSS 36X18X48,"$230,00",29/01/2026,siso,SAN ANGELO
CABINET LINEN 4' FANCY TIN 36X18X48,"$275,00",29/01/2026,siso,SAN ANGELO
CABINET LINEN 4' RUSTIC TIN 36X16X48,"$109,00",29/01/2026,siso,SAN ANGELO
CABINET LINEN 5' CROSS 36X13X60,"$257,00",29/01/2026,siso,SAN ANGELO
CABINET LINEN 5' FANCY TIN 36X13X60,"$299,00",29/01/2026,siso,SAN ANGELO
CABINET LINEN 5' CROSS 36X18X60,"$299,00",29/01/2026,siso,SAN ANGELO
CABINET LINEN 5' 36X18X60,"$343,00",29/01/2026,siso,SAN ANGELO
"CABINET LINEN 5"" RUSTIC TIN 36X13X60","$274,00",29/01/2026,siso,SAN ANGELO
CABINET LINEN 5' RUSTIC TIN 36X18X60,"$317,00",29/01/2026,siso,SAN ANGELO
CABINET LINEN 6' CROSS 36X13X72,"$283,00",29/01/2026,siso,SAN ANGELO
CABINET LINEN 6' FANCY TIN 36X13X72,"$324,00",29/01/2026,siso,SAN ANGELO
CABINET LINEN 6' CROSS 36X18X72,"$343,00",29/01/2026,siso,SAN ANGELO
CABINET LINEN 6' FANCY TIN 36X18X72,"$382,00",29/01/2026,siso,SAN ANGELO
CABINET LINEN 6' RUSTIC TIN 36X18X72,"$358,00",29/01/2026,siso,SAN ANGELO
5' TWIG CABINET LINEN,"$242,00",29/01/2026,siso,SAN ANGELO
4' TWIG CABINET LINEN,"$218,00",29/01/2026,siso,SAN ANGELO
SM TWIG CABINET LINEN,"$196,00",29/01/2026,siso,SAN ANGELO
4' TWIG CABINET LINEN,"$217,00",29/01/2026,siso,SAN ANGELO
36X13X30 TWIG CABINET LINEN,"$242,00",29/01/2026,siso,SAN ANGELO
1-DOOR LAFON SIDEBOARD W/SLATTE,"$199,00",29/01/2026,siso,SAN ANGELO
2-DOOR LAFON SIDEBOARD W/SLATTE,"$262,00",29/01/2026,siso,SAN ANGELO
3-DOOR LAFON SIDEBOARD W/SLATTE,"$371,00",29/01/2026,siso,SAN ANGELO
4-DOOR LAFON SIDEBOARD W/SLATTE,"$518,00",29/01/2026,siso,SAN ANGELO
5-DOOR LAFON SIDEBOARD W/SLATTE,"$587,00",29/01/2026,siso,SAN ANGELO
6-DOOR LAFON SIDEBOARD W/SLATTE,"$662,00",29/01/2026,siso,SAN ANGELO
LAFON IRON 2-DOOR 3-SHELF,"$495,00",29/01/2026,siso,SAN ANGELO
LAFON IRON 1-DOOR 5-SHELF,"$479,00",29/01/2026,siso,SAN ANGELO
LAFON ALL METAL DOORS,"$495,00",29/01/2026,siso,SAN ANGELO
LAFON MULTIPANEL 2-DOOR,"$312,00",29/01/2026,siso,SAN ANGELO
LAFON MULTIPANEL 4-DOOR,"$495,00",29/01/2026,siso,SAN ANGELO
RUSTIC LAFON 1-DOOR,"$312,00",29/01/2026,siso,SAN ANGELO
RUSTIC LAFON 2-DOOR,"$495,00",29/01/2026,siso,SAN ANGELO
"48"" TWIG TV-STAND 48X18X30","$303,00",29/01/2026,siso,SAN ANGELO
"60"" TWIG TV-STAND","$331,00",29/01/2026,siso,SAN ANGELO
"72"" TWIG TV-STAND","$358,00",29/01/2026,siso,SAN ANGELO
"60"" TV STAND W/GLASS","$391,00",29/01/2026,siso,SAN ANGELO
"72"" TV STAND W/GLASS","$445,00",29/01/2026,siso,SAN ANGELO
TV/VCR STAND W/ROPE 42X13X30,"$259,00",29/01/2026,siso,SAN ANGELO
TV STAND W/FANCY TIN 42X13X30,"$294,00",29/01/2026,siso,SAN ANGELO
TV STAND CACHINA BORDER,"$393,00",29/01/2026,siso,SAN ANGELO
TV/VCR STAND ROPE 58X18X30,"$386,00",29/01/2026,siso,SAN ANGELO
TV-VCR STAND GLASS 60X18X36,"$394,00",29/01/2026,siso,SAN ANGELO
TV/VCR STAND ROPE 60X18X36,"$419,00",29/01/2026,siso,SAN ANGELO
TV/VCR CACHINA BORDER (NO CACHINA),"$274,00",29/01/2026,siso,SAN ANGELO
"60"" TV STAND WOOD PANEL","$410,00",29/01/2026,siso,SAN ANGELO
"60"" TV-CONSOLE W/GLASS","$378,00",29/01/2026,siso,SAN ANGELO
"72"" TV-CONSOLE W/GLASS","$409,00",29/01/2026,siso,SAN ANGELO
"60"" TV-CONSOLE","$378,00",29/01/2026,siso,SAN ANGELO
"72"" TV-CONSOLE","$409,00",29/01/2026,siso,SAN ANGELO
"60"" TV-CONSOLE W/COOPER","$477,00",29/01/2026,siso,SAN ANGELO
"72"" TV-CONSOLE W/COOPER","$511,00",29/01/2026,siso,SAN ANGELO
"60"" HACIENDA TV-CONSOLE","$477,00",29/01/2026,siso,SAN ANGELO
"72"" HACIENDA TV-CONSOLE","$511,00",29/01/2026,siso,SAN ANGELO
48X12X32 TV TARAHUMARA,"$257,00",29/01/2026,siso,SAN ANGELO
3 FT. SIERRA TV STAND,"$270,00",29/01/2026,siso,SAN ANGELO
4 FT. SIERRA TV STAND,"$283,00",29/01/2026,siso,SAN ANGELO
5 FT. SIERRA TV STAND,"$294,00",29/01/2026,siso,SAN ANGELO
6 FT. SIERRA TV STAND,"$304,00",29/01/2026,siso,SAN ANGELO
8 FT. SIERRA TV STAND,"$380,00",29/01/2026,siso,SAN ANGELO
"48"" GOTIK DRESSER","$305,00",29/01/2026,siso,SAN ANGELO
"60"" GOTIK DRESSER","$317,00",29/01/2026,siso,SAN ANGELO
"72"" GOTIK DRESSER","$328,00",29/01/2026,siso,SAN ANGELO
"84"" GOTIK DRESSER","$340,00",29/01/2026,siso,SAN ANGELO
"96"" GOTIK DRESSER","$357,00",29/01/2026,siso,SAN ANGELO
TARAHUMARA POT SM,"$15,00",29/01/2026,siso,SAN ANGELO
TARAHUMARA POT MED,"$30,00",29/01/2026,siso,SAN ANGELO
TARAUMARA POT LG.,"$45,00",29/01/2026,siso,SAN ANGELO
SUGAR MOULDING 2,"$7,00",29/01/2026,siso,SAN ANGELO
SUGAR MOULDING 3,"$10,00",29/01/2026,siso,SAN ANGELO
SUGAR MOULDING 4,"$13,00",29/01/2026,siso,SAN ANGELO
SUGAR MOULDING 5,"$15,00",29/01/2026,siso,SAN ANGELO
SUGAR MOULDING 6,"$19,00",29/01/2026,siso,SAN ANGELO
SUGAR MOULDING 7,"$21,00",29/01/2026,siso,SAN ANGELO
SUGAR MOULDING 8,"$26,00",29/01/2026,siso,SAN ANGELO
SUGAR MOULDING 9,"$28,00",29/01/2026,siso,SAN ANGELO
SUGAR MOULDING 10,"$30,00",29/01/2026,siso,SAN ANGELO
SUGAR MOULDING 11,"$34,00",29/01/2026,siso,SAN ANGELO
SUGAR MOULDING 12,"$36,00",29/01/2026,siso,SAN ANGELO
SUGAR MOULDING BASE,"$7,00",29/01/2026,siso,SAN ANGELO
BATEAS GRANDES,"$27,00",29/01/2026,siso,SAN ANGELO
BATEAS CHICAS,"$14,00",29/01/2026,siso,SAN ANGELO
LADDER 2',"$13,00",29/01/2026,siso,SAN ANGELO
LADDER 3',"$17,00",29/01/2026,siso,SAN ANGELO
LADDER 4',"$23,00",29/01/2026,siso,SAN ANGELO
LADDER 5',"$29,00",29/01/2026,siso,SAN ANGELO
LADDER 6',"$35,00",29/01/2026,siso,SAN ANGELO
LADDER 7',"$42,00",29/01/2026,siso,SAN ANGELO
LADDER 8',"$48,00",29/01/2026,siso,SAN ANGELO
2 FT. TARAHUMARA LADDER W/LEATHER,"$36,00",29/01/2026,siso,SAN ANGELO
3 FT. TARAHUMARA LADDER W/LEATHER,"$56,00",29/01/2026,siso,SAN ANGELO
4 FT. TARAHUMARA LADDER W/LEATHER,"$76,00",29/01/2026,siso,SAN ANGELO
7 FT. TARAHUMARA LADDER W/LEATHER,"$130,00",29/01/2026,siso,SAN ANGELO
"15"" LAMP SHAKES","$36,00",29/01/2026,siso,SAN ANGELO
"18"" LAMP SHAKES","$44,00",29/01/2026,siso,SAN ANGELO
"20"" LAMP SHAKES","$50,00",29/01/2026,siso,SAN ANGELO
"24"" LAMP SHAKES","$60,00",29/01/2026,siso,SAN ANGELO
"36"" COOPER TOP","$602,00",29/01/2026,siso,SAN ANGELO
"48"" COOPER TOP","$802,00",29/01/2026,siso,SAN ANGELO
"60"" COOPER TOP","$1.002,00",29/01/2026,siso,SAN ANGELO
HB GLASS 8X10,"$6,00",29/01/2026,siso,SAN ANGELO
HB GLASS 8X13,"$6,00",29/01/2026,siso,SAN ANGELO
MARGARITA GLASS,"$6,00",29/01/2026,siso,SAN ANGELO
TEQUILA GLASS,"$6,00",29/01/2026,siso,SAN ANGELO